ImageID,LabelName,XMin,XMax,YMin,YMax
1.jpg,pothole,0,131,140,263
1.jpg,pothole,168,487,279,449
1.jpg,pothole,1,144,34,109
2.jpg,pothole,57,952,271,505
3.jpg,pothole,225,416,292,439
4.jpg,pothole,441,699,253,395
4.jpg,pothole,113,400,301,454
5.jpg,pothole,237,1205,1212,1996
5.jpg,pothole,795,1450,636,848
5.jpg,pothole,735,1145,885,1125
6.jpg,pothole,22,469,180,467
7.jpg,pothole,48,264,123,206
8.jpg,pothole,570,720,170,291
8.jpg,pothole,186,508,287,435
9.jpg,pothole,164,384,228,292
10.jpg,pothole,0,1043,680,915
11.jpg,pothole,145,452,239,430
12.jpg,pothole,257,389,285,407
13.jpg,pothole,164,481,255,441
14.jpg,pothole,91,1208,196,587
15.jpg,pothole,0,110,44,119
15.jpg,pothole,147,215,44,69
15.jpg,pothole,198,240,143,183
15.jpg,pothole,49,303,200,300
15.jpg,pothole,221,297,65,88
15.jpg,pothole,0,77,158,251
15.jpg,pothole,0,58,26,46
16.jpg,pothole,189,388,87,260
17.jpg,pothole,268,440,220,378
17.jpg,pothole,68,305,0,191
18.jpg,pothole,191,506,303,519
19.jpg,pothole,174,541,329,449
19.jpg,pothole,598,800,349,533
19.jpg,pothole,610,800,187,330
20.jpg,pothole,92,293,494,583
21.jpg,pothole,143,348,234,300
21.jpg,pothole,315,462,178,255
22.jpg,pothole,62,365,74,182
23.jpg,pothole,295,342,105,131
23.jpg,pothole,343,380,208,249
23.jpg,pothole,243,275,122,147
23.jpg,pothole,234,270,52,64
23.jpg,pothole,218,248,31,42
23.jpg,pothole,191,232,170,198
23.jpg,pothole,109,160,82,107
24.jpg,pothole,1005,1250,575,875
24.jpg,pothole,832,1089,333,553
24.jpg,pothole,594,861,509,677
24.jpg,pothole,532,832,350,506
25.jpg,pothole,935,1450,795,1068
25.jpg,pothole,1739,2151,827,1029
25.jpg,pothole,483,835,795,1052
25.jpg,pothole,186,432,850,1032
26.jpg,pothole,274,420,298,389
27.jpg,pothole,148,252,71,117
27.jpg,pothole,413,529,186,299
27.jpg,pothole,303,358,78,105
27.jpg,pothole,334,370,114,137
27.jpg,pothole,323,377,59,74
27.jpg,pothole,40,136,127,157
28.jpg,pothole,58,1296,23,391
29.jpg,pothole,19,225,17,173
30.jpg,pothole,202,634,246,388
30.jpg,pothole,0,238,159,226
31.jpg,pothole,191,400,120,174
31.jpg,pothole,61,126,94,142
31.jpg,pothole,329,379,4,22
31.jpg,pothole,20,88,55,83
31.jpg,pothole,117,178,11,34
32.jpg,pothole,100,460,293,519
32.jpg,pothole,524,679,231,362
33.jpg,pothole,296,457,290,416
34.jpg,pothole,11,464,143,240
35.jpg,pothole,182,587,276,587
36.jpg,pothole,193,433,167,302
37.jpg,pothole,274,427,282,395
38.jpg,pothole,424,533,161,266
38.jpg,pothole,91,318,126,265
39.jpg,pothole,274,441,213,356
39.jpg,pothole,253,514,322,617
40.jpg,pothole,196,347,180,236
40.jpg,pothole,400,564,213,335
40.jpg,pothole,487,575,131,165
41.jpg,pothole,560,2857,1075,1582
41.jpg,pothole,834,2223,763,1069
42.jpg,pothole,112,255,227,300
42.jpg,pothole,240,288,177,198
43.jpg,pothole,345,465,63,111
43.jpg,pothole,228,510,265,363
43.jpg,pothole,160,456,370,520
43.jpg,pothole,164,292,49,96
43.jpg,pothole,240,305,0,19
43.jpg,pothole,51,167,165,205
44.jpg,pothole,235,524,104,199
44.jpg,pothole,1,230,112,191
45.jpg,pothole,247,491,264,447
46.jpg,pothole,260,455,242,363
47.jpg,pothole,37,635,99,226
48.jpg,pothole,145,229,136,213
48.jpg,pothole,175,200,92,105
49.jpg,pothole,68,232,123,305
50.jpg,pothole,90,300,171,235
51.jpg,pothole,163,770,173,433
52.jpg,pothole,219,482,249,486
52.jpg,pothole,582,720,443,585
53.jpg,pothole,188,706,247,672
53.jpg,pothole,673,1124,0,215
54.jpg,pothole,126,152,84,102
54.jpg,pothole,194,300,101,144
55.jpg,pothole,36,198,208,335
55.jpg,pothole,125,192,149,192
55.jpg,pothole,133,244,109,142
56.jpg,pothole,247,545,279,443
57.jpg,pothole,34,486,29,265
58.jpg,pothole,76,180,154,202
58.jpg,pothole,122,173,27,37
59.jpg,pothole,233,489,183,349
60.jpg,pothole,253,462,247,414
61.jpg,pothole,52,413,183,393
61.jpg,pothole,347,586,29,156
62.jpg,pothole,129,325,187,300
63.jpg,pothole,172,284,153,185
63.jpg,pothole,32,426,195,292
64.jpg,pothole,199,282,223,275
64.jpg,pothole,200,278,131,162
64.jpg,pothole,243,308,107,126
64.jpg,pothole,7,52,214,244
64.jpg,pothole,141,185,117,130
64.jpg,pothole,141,182,103,117
64.jpg,pothole,183,211,90,101
64.jpg,pothole,258,305,88,100
64.jpg,pothole,199,260,96,117
64.jpg,pothole,226,249,87,98
64.jpg,pothole,235,274,80,91
64.jpg,pothole,218,255,73,83
64.jpg,pothole,247,274,61,70
64.jpg,pothole,126,161,94,105
65.jpg,pothole,285,433,261,505
66.jpg,pothole,407,737,487,634
67.jpg,pothole,207,508,107,338
68.jpg,pothole,218,492,280,430
69.jpg,pothole,258,796,0,587
70.jpg,pothole,185,459,131,262
71.jpg,pothole,103,450,92,300
72.jpg,pothole,201,313,12,144
73.jpg,pothole,32,596,122,223
74.jpg,pothole,199,334,323,409
74.jpg,pothole,347,540,296,412
75.jpg,pothole,42,211,226,295
75.jpg,pothole,378,533,181,217
75.jpg,pothole,162,234,164,178
75.jpg,pothole,35,145,187,217
75.jpg,pothole,119,153,170,178
76.jpg,pothole,282,443,244,348
76.jpg,pothole,472,612,193,258
77.jpg,pothole,278,416,282,376
78.jpg,pothole,300,477,168,220
78.jpg,pothole,274,378,139,174
78.jpg,pothole,29,194,186,216
78.jpg,pothole,97,208,156,182
79.jpg,pothole,6,498,114,229
80.jpg,pothole,178,405,152,284
81.jpg,pothole,43,474,62,320
82.jpg,pothole,145,292,98,182
83.jpg,pothole,79,454,142,464
84.jpg,pothole,145,620,168,334
85.jpg,pothole,260,432,263,382
86.jpg,pothole,1,371,155,277
87.jpg,pothole,180,340,130,176
88.jpg,pothole,276,375,265,341
89.jpg,pothole,220,558,272,396
90.jpg,pothole,318,410,161,240
90.jpg,pothole,225,398,468,670
91.jpg,pothole,2021,3307,1958,2861
91.jpg,pothole,551,1814,1070,1767
92.jpg,pothole,892,2154,763,1275
92.jpg,pothole,634,1067,573,774
93.jpg,pothole,2149,2500,691,918
93.jpg,pothole,1601,1923,567,732
93.jpg,pothole,891,1464,794,1120
93.jpg,pothole,83,656,831,1046
93.jpg,pothole,1246,1522,633,777
94.jpg,pothole,97,464,110,270
95.jpg,pothole,49,93,40,67
95.jpg,pothole,133,283,91,207
95.jpg,pothole,331,369,135,156
96.jpg,pothole,196,375,193,281
96.jpg,pothole,304,430,327,375
96.jpg,pothole,113,233,112,159
97.jpg,pothole,336,514,224,279
98.jpg,pothole,351,436,333,437
99.jpg,pothole,57,166,82,129
100.jpg,pothole,80,399,48,244
100.jpg,pothole,322,450,206,300
101.jpg,pothole,0,219,94,221
102.jpg,pothole,499,985,338,690
103.jpg,pothole,0,648,0,596
104.jpg,pothole,128,295,116,215
105.jpg,pothole,370,528,239,301
105.jpg,pothole,292,487,132,170
105.jpg,pothole,138,351,259,353
105.jpg,pothole,451,553,97,128
106.jpg,pothole,168,259,89,127
106.jpg,pothole,106,132,70,89
107.jpg,pothole,217,566,365,456
107.jpg,pothole,209,617,242,368
108.jpg,pothole,159,610,71,372
109.jpg,pothole,61,834,31,416
110.jpg,pothole,143,353,70,184
111.jpg,pothole,31,246,81,148
112.jpg,pothole,69,373,76,245
113.jpg,pothole,160,346,90,180
114.jpg,pothole,147,534,172,300
115.jpg,pothole,127,630,237,514
116.jpg,pothole,0,533,55,211
117.jpg,pothole,135,1200,336,800
118.jpg,pothole,93,382,28,113
119.jpg,pothole,248,1905,661,1377
120.jpg,pothole,346,564,257,398
120.jpg,pothole,194,366,149,194
121.jpg,pothole,168,223,119,138
121.jpg,pothole,173,231,137,164
121.jpg,pothole,198,237,161,185
122.jpg,pothole,520,757,288,419
122.jpg,pothole,644,780,73,131
122.jpg,pothole,529,662,35,84
122.jpg,pothole,474,598,0,31
122.jpg,pothole,109,248,0,49
122.jpg,pothole,348,531,57,114
122.jpg,pothole,94,263,53,117
122.jpg,pothole,270,409,126,189
122.jpg,pothole,431,592,182,240
122.jpg,pothole,139,412,227,353
123.jpg,pothole,249,1153,458,800
124.jpg,pothole,58,233,63,183
125.jpg,pothole,148,640,159,384
126.jpg,pothole,247,999,488,759
127.jpg,pothole,141,367,181,267
127.jpg,pothole,191,309,110,135
127.jpg,pothole,0,177,88,145
127.jpg,pothole,207,356,60,78
127.jpg,pothole,234,285,49,58
127.jpg,pothole,292,345,51,59
128.jpg,pothole,201,489,209,513
129.jpg,pothole,0,69,116,153
129.jpg,pothole,125,435,164,235
129.jpg,pothole,295,438,238,284
130.jpg,pothole,90,260,135,194
131.jpg,pothole,88,301,87,179
132.jpg,pothole,125,417,96,273
133.jpg,pothole,92,518,42,300
134.jpg,pothole,255,550,108,267
134.jpg,pothole,142,343,460,720
135.jpg,pothole,284,377,124,170
135.jpg,pothole,226,335,183,230
135.jpg,pothole,411,496,212,248
136.jpg,pothole,174,344,27,124
136.jpg,pothole,77,503,142,298
136.jpg,pothole,425,477,86,111
136.jpg,pothole,464,557,53,101
137.jpg,pothole,241,625,285,442
138.jpg,pothole,0,360,194,327
138.jpg,pothole,221,307,168,195
138.jpg,pothole,366,427,169,191
138.jpg,pothole,389,473,131,146
138.jpg,pothole,444,493,144,162
138.jpg,pothole,322,386,122,137
138.jpg,pothole,311,429,146,172
139.jpg,pothole,156,238,141,226
139.jpg,pothole,184,216,94,111
140.jpg,pothole,454,688,263,454
141.jpg,pothole,220,377,90,236
142.jpg,pothole,196,520,245,329
143.jpg,pothole,196,334,201,291
144.jpg,pothole,282,379,246,320
145.jpg,pothole,98,390,88,215
146.jpg,pothole,209,359,159,262
147.jpg,pothole,0,385,110,278
148.jpg,pothole,531,1418,0,1456
149.jpg,pothole,88,196,290,342
149.jpg,pothole,158,211,191,212
149.jpg,pothole,60,113,212,234
149.jpg,pothole,193,234,156,176
149.jpg,pothole,126,188,155,170
149.jpg,pothole,145,188,133,146
149.jpg,pothole,272,300,149,157
150.jpg,pothole,503,720,110,225
150.jpg,pothole,158,594,229,425
151.jpg,pothole,290,550,258,408
152.jpg,pothole,270,461,38,191
153.jpg,pothole,321,917,208,456
154.jpg,pothole,372,768,354,648
155.jpg,pothole,0,341,123,222
156.jpg,pothole,147,609,134,438
157.jpg,pothole,180,298,224,270
157.jpg,pothole,262,314,177,201
157.jpg,pothole,105,142,193,212
157.jpg,pothole,158,206,160,178
157.jpg,pothole,53,103,164,189
157.jpg,pothole,0,56,133,152
157.jpg,pothole,122,152,126,140
158.jpg,pothole,609,720,236,282
158.jpg,pothole,44,283,206,299
158.jpg,pothole,391,506,133,172
158.jpg,pothole,330,400,313,346
158.jpg,pothole,275,332,218,246
158.jpg,pothole,215,286,108,150
158.jpg,pothole,234,294,151,182
158.jpg,pothole,268,314,188,215
159.jpg,pothole,224,493,252,393
160.jpg,pothole,166,341,95,300
160.jpg,pothole,219,270,39,61
161.jpg,pothole,399,769,350,473
162.jpg,pothole,201,428,247,402
162.jpg,pothole,300,371,101,141
163.jpg,pothole,268,448,271,406
164.jpg,pothole,191,293,155,176
164.jpg,pothole,19,70,126,151
165.jpg,pothole,135,644,193,354
166.jpg,pothole,93,412,46,273
167.jpg,pothole,120,309,113,206
168.jpg,pothole,242,471,250,365
169.jpg,pothole,218,307,246,298
169.jpg,pothole,177,248,161,211
169.jpg,pothole,271,323,73,82
169.jpg,pothole,107,147,195,223
170.jpg,pothole,128,489,196,282
171.jpg,pothole,136,273,90,193
171.jpg,pothole,57,166,7,91
172.jpg,pothole,293,479,229,419
173.jpg,pothole,208,302,387,520
173.jpg,pothole,403,492,144,254
174.jpg,pothole,12,364,180,300
174.jpg,pothole,181,320,117,164
174.jpg,pothole,301,386,113,142
174.jpg,pothole,87,153,100,112
174.jpg,pothole,196,249,90,103
175.jpg,pothole,177,800,113,444
176.jpg,pothole,96,211,84,132
177.jpg,pothole,227,294,162,196
177.jpg,pothole,213,288,51,68
177.jpg,pothole,244,297,107,128
177.jpg,pothole,272,316,64,77
177.jpg,pothole,20,72,130,148
178.jpg,pothole,261,470,305,421
178.jpg,pothole,533,720,209,364
179.jpg,pothole,392,747,395,481
179.jpg,pothole,417,637,310,378
180.jpg,pothole,137,290,85,182
180.jpg,pothole,77,149,63,104
180.jpg,pothole,295,336,214,242
181.jpg,pothole,226,478,242,408
182.jpg,pothole,405,570,403,482
183.jpg,pothole,62,199,99,127
183.jpg,pothole,51,177,39,66
184.jpg,pothole,67,234,75,161
185.jpg,pothole,568,763,45,190
185.jpg,pothole,874,1057,59,173
185.jpg,pothole,1183,1440,558,746
185.jpg,pothole,827,1160,601,810
185.jpg,pothole,530,623,473,535
185.jpg,pothole,575,751,710,810
186.jpg,pothole,183,401,209,400
186.jpg,pothole,140,331,596,712
186.jpg,pothole,594,702,569,717
187.jpg,pothole,36,253,142,185
187.jpg,pothole,0,147,115,129
187.jpg,pothole,0,300,188,279
188.jpg,pothole,136,308,366,495
188.jpg,pothole,77,213,300,361
188.jpg,pothole,181,253,225,276
188.jpg,pothole,285,317,164,199
188.jpg,pothole,334,408,106,147
188.jpg,pothole,50,173,169,210
188.jpg,pothole,95,163,208,245
189.jpg,pothole,0,538,157,388
190.jpg,pothole,248,665,251,474
190.jpg,pothole,701,779,190,238
191.jpg,pothole,267,503,59,163
191.jpg,pothole,0,221,97,264
192.jpg,pothole,45,403,260,381
192.jpg,pothole,379,519,374,490
193.jpg,pothole,159,494,160,263
194.jpg,pothole,96,368,197,247
194.jpg,pothole,386,600,226,292
194.jpg,pothole,98,486,291,337
195.jpg,pothole,65,332,139,214
196.jpg,pothole,296,344,154,182
196.jpg,pothole,192,284,185,217
196.jpg,pothole,216,300,144,190
196.jpg,pothole,376,458,165,199
197.jpg,pothole,159,562,237,384
198.jpg,pothole,174,350,116,171
199.jpg,pothole,150,349,154,300
199.jpg,pothole,93,183,90,130
199.jpg,pothole,279,321,77,92
199.jpg,pothole,303,338,91,105
200.jpg,pothole,306,815,684,960
200.jpg,pothole,511,750,479,559
200.jpg,pothole,541,685,371,436
200.jpg,pothole,589,705,331,361
201.jpg,pothole,161,352,89,145
201.jpg,pothole,158,284,183,228
201.jpg,pothole,32,130,242,274
202.jpg,pothole,83,196,98,170
203.jpg,pothole,131,619,279,480
204.jpg,pothole,159,309,308,381
205.jpg,pothole,380,942,176,651
206.jpg,pothole,0,417,25,262
207.jpg,pothole,125,262,86,132
208.jpg,pothole,165,681,159,494
209.jpg,pothole,85,128,140,160
209.jpg,pothole,198,253,131,152
209.jpg,pothole,109,202,104,115
209.jpg,pothole,52,89,104,119
209.jpg,pothole,72,128,87,95
209.jpg,pothole,124,148,133,144
210.jpg,pothole,274,365,341,395
211.jpg,pothole,217,438,279,441
212.jpg,pothole,437,868,389,590
212.jpg,pothole,87,290,322,500
212.jpg,pothole,216,485,233,337
212.jpg,pothole,356,585,104,202
212.jpg,pothole,48,217,56,116
212.jpg,pothole,235,333,1,75
212.jpg,pothole,146,280,138,199
212.jpg,pothole,137,252,204,261
213.jpg,pothole,237,470,303,618
214.jpg,pothole,164,308,205,267
214.jpg,pothole,115,254,159,203
214.jpg,pothole,139,231,124,163
214.jpg,pothole,243,331,65,85
214.jpg,pothole,300,369,0,12
215.jpg,pothole,284,445,282,414
216.jpg,pothole,185,344,143,300
216.jpg,pothole,182,226,75,95
217.jpg,pothole,160,305,162,239
218.jpg,pothole,108,605,38,300
219.jpg,pothole,86,411,191,294
219.jpg,pothole,132,352,107,167
219.jpg,pothole,0,111,113,165
220.jpg,pothole,113,279,81,172
221.jpg,pothole,265,388,312,490
222.jpg,pothole,94,238,208,400
222.jpg,pothole,0,269,145,241
223.jpg,pothole,134,591,212,435
224.jpg,pothole,535,920,472,716
225.jpg,pothole,30,130,82,125
225.jpg,pothole,93,215,150,203
225.jpg,pothole,282,590,177,249
225.jpg,pothole,176,264,9,47
226.jpg,pothole,223,554,215,514
226.jpg,pothole,0,169,510,720
227.jpg,pothole,419,720,239,487
228.jpg,pothole,374,588,511,628
228.jpg,pothole,527,872,236,343
228.jpg,pothole,79,311,240,347
229.jpg,pothole,228,474,264,480
230.jpg,pothole,36,191,133,172
230.jpg,pothole,92,154,106,125
231.jpg,pothole,192,312,205,262
232.jpg,pothole,0,91,122,168
232.jpg,pothole,67,108,85,120
232.jpg,pothole,123,174,116,153
232.jpg,pothole,130,155,87,108
232.jpg,pothole,137,162,64,79
232.jpg,pothole,24,65,75,95
232.jpg,pothole,98,121,71,83
232.jpg,pothole,169,243,89,140
232.jpg,pothole,232,250,84,94
232.jpg,pothole,217,250,55,77
232.jpg,pothole,175,209,52,79
232.jpg,pothole,71,98,55,72
232.jpg,pothole,107,124,49,58
232.jpg,pothole,132,153,43,53
233.jpg,pothole,0,533,85,300
234.jpg,pothole,158,410,327,426
234.jpg,pothole,304,634,268,338
235.jpg,pothole,234,448,244,362
236.jpg,pothole,1,462,54,300
237.jpg,pothole,190,418,324,408
237.jpg,pothole,348,474,243,298
238.jpg,pothole,212,539,234,395
239.jpg,pothole,108,263,146,184
239.jpg,pothole,363,465,216,262
239.jpg,pothole,14,113,115,122
239.jpg,pothole,187,251,128,149
239.jpg,pothole,134,224,93,117
239.jpg,pothole,57,109,35,60
239.jpg,pothole,28,63,18,35
240.jpg,pothole,281,591,201,361
241.jpg,pothole,144,442,98,318
242.jpg,pothole,262,379,312,407
243.jpg,pothole,0,318,48,159
244.jpg,pothole,150,289,154,241
245.jpg,pothole,199,524,307,528
246.jpg,pothole,12,419,67,233
247.jpg,pothole,167,216,241,269
247.jpg,pothole,241,308,260,300
247.jpg,pothole,188,316,171,220
247.jpg,pothole,176,243,144,164
247.jpg,pothole,89,208,111,193
247.jpg,pothole,110,151,88,112
247.jpg,pothole,159,182,89,96
247.jpg,pothole,181,207,95,105
248.jpg,pothole,239,432,299,407
249.jpg,pothole,0,325,409,614
249.jpg,pothole,260,720,168,381
250.jpg,pothole,191,472,141,280
250.jpg,pothole,104,256,38,101
250.jpg,pothole,412,502,24,61
251.jpg,pothole,182,397,177,243
251.jpg,pothole,415,529,115,159
252.jpg,pothole,420,779,301,452
252.jpg,pothole,337,629,195,300
252.jpg,pothole,256,407,80,149
252.jpg,pothole,258,369,29,66
253.jpg,pothole,186,500,153,610
254.jpg,pothole,52,460,69,194
255.jpg,pothole,240,491,114,249
256.jpg,pothole,233,491,388,467
256.jpg,pothole,153,294,306,370
257.jpg,pothole,0,480,100,300
258.jpg,pothole,169,568,169,360
258.jpg,pothole,330,415,38,63
259.jpg,pothole,4,241,91,255
259.jpg,pothole,308,470,88,159
259.jpg,pothole,491,653,143,203
259.jpg,pothole,521,651,219,283
259.jpg,pothole,424,532,303,401
259.jpg,pothole,211,331,487,586
259.jpg,pothole,0,112,352,482
260.jpg,pothole,217,473,236,402
261.jpg,pothole,59,323,49,199
261.jpg,pothole,216,293,2,30
262.jpg,pothole,48,480,86,274
263.jpg,pothole,93,221,220,364
263.jpg,pothole,150,188,154,178
263.jpg,pothole,108,150,115,137
264.jpg,pothole,288,635,124,311
265.jpg,pothole,32,421,21,276
266.jpg,pothole,237,380,177,222
266.jpg,pothole,41,82,42,51
266.jpg,pothole,2,49,17,25
267.jpg,pothole,3,576,246,675
268.jpg,pothole,172,209,153,165
268.jpg,pothole,203,252,212,240
268.jpg,pothole,29,91,227,273
268.jpg,pothole,155,210,252,290
268.jpg,pothole,234,282,249,282
268.jpg,pothole,281,321,221,243
268.jpg,pothole,325,496,167,252
268.jpg,pothole,459,533,243,300
268.jpg,pothole,242,296,141,172
268.jpg,pothole,152,196,208,232
268.jpg,pothole,85,133,252,286
268.jpg,pothole,304,372,276,300
268.jpg,pothole,233,256,164,180
268.jpg,pothole,175,245,286,300
269.jpg,pothole,427,755,215,328
270.jpg,pothole,95,263,104,166
271.jpg,pothole,251,590,307,399
272.jpg,pothole,135,682,227,462
273.jpg,pothole,309,392,37,74
273.jpg,pothole,203,299,212,253
274.jpg,pothole,236,486,247,426
274.jpg,pothole,509,584,48,93
274.jpg,pothole,555,720,276,388
275.jpg,pothole,142,417,287,376
276.jpg,pothole,285,780,403,621
277.jpg,pothole,1,91,180,223
277.jpg,pothole,461,617,323,416
277.jpg,pothole,267,304,180,204
277.jpg,pothole,244,374,259,315
277.jpg,pothole,441,600,262,314
277.jpg,pothole,346,418,231,263
277.jpg,pothole,461,498,221,241
277.jpg,pothole,474,554,121,148
277.jpg,pothole,385,429,123,141
277.jpg,pothole,407,481,93,120
277.jpg,pothole,455,508,150,172
277.jpg,pothole,545,601,175,214
278.jpg,pothole,234,495,279,469
279.jpg,pothole,0,404,49,269
279.jpg,pothole,93,210,2,54
280.jpg,pothole,467,1128,209,680
281.jpg,pothole,644,767,523,622
281.jpg,pothole,573,756,457,539
281.jpg,pothole,552,716,385,458
282.jpg,pothole,73,472,153,350
283.jpg,pothole,953,1436,195,425
284.jpg,pothole,362,667,340,490
284.jpg,pothole,117,349,359,500
284.jpg,pothole,762,1021,197,599
285.jpg,pothole,77,205,74,136
286.jpg,pothole,295,453,290,462
287.jpg,pothole,110,249,80,148
287.jpg,pothole,59,140,19,56
288.jpg,pothole,38,259,118,162
288.jpg,pothole,0,106,143,189
288.jpg,pothole,7,68,97,115
289.jpg,pothole,367,635,230,454
290.jpg,pothole,222,629,168,298
290.jpg,pothole,722,959,192,309
290.jpg,pothole,112,262,5,64
291.jpg,pothole,335,866,13,476
291.jpg,pothole,720,1382,442,976
292.jpg,pothole,9,302,22,298
293.jpg,pothole,100,281,57,157
294.jpg,pothole,42,376,151,321
295.jpg,pothole,0,400,146,300
296.jpg,pothole,9,199,218,247
296.jpg,pothole,80,233,191,211
296.jpg,pothole,232,314,166,177
297.jpg,pothole,152,252,103,170
298.jpg,pothole,60,979,196,945
299.jpg,pothole,215,284,22,67
300.jpg,pothole,101,314,67,216
301.jpg,pothole,67,604,281,409
301.jpg,pothole,242,413,218,272
301.jpg,pothole,0,51,254,321
302.jpg,pothole,77,293,105,300
302.jpg,pothole,157,208,47,81
302.jpg,pothole,243,279,53,75
303.jpg,pothole,459,799,290,556
304.jpg,pothole,195,743,180,532
305.jpg,pothole,8,593,111,473
306.jpg,pothole,217,466,334,480
307.jpg,pothole,81,264,101,168
308.jpg,pothole,192,437,268,413
308.jpg,pothole,327,458,143,262
309.jpg,pothole,0,308,111,261
309.jpg,pothole,216,288,94,125
309.jpg,pothole,227,272,56,76
309.jpg,pothole,310,357,87,105
309.jpg,pothole,0,143,45,97
309.jpg,pothole,265,337,96,125
310.jpg,pothole,30,1169,511,747
311.jpg,pothole,85,176,157,208
311.jpg,pothole,92,153,105,133
311.jpg,pothole,21,77,118,150
312.jpg,pothole,0,1200,373,820
313.jpg,pothole,136,277,129,201
313.jpg,pothole,160,245,33,56
314.jpg,pothole,210,470,210,446
315.jpg,pothole,149,304,131,236
316.jpg,pothole,250,456,311,489
317.jpg,pothole,75,304,39,256
318.jpg,pothole,236,515,296,525
318.jpg,pothole,0,258,393,678
319.jpg,pothole,124,183,239,288
319.jpg,pothole,181,246,194,233
319.jpg,pothole,70,159,166,201
319.jpg,pothole,128,185,127,144
319.jpg,pothole,61,93,144,161
319.jpg,pothole,19,55,136,153
319.jpg,pothole,287,342,283,300
319.jpg,pothole,165,195,165,185
319.jpg,pothole,90,127,129,139
320.jpg,pothole,57,407,209,277
321.jpg,pothole,157,1114,168,489
322.jpg,pothole,84,173,156,209
322.jpg,pothole,93,160,108,135
322.jpg,pothole,24,73,119,149
322.jpg,pothole,0,53,158,177
323.jpg,pothole,277,459,312,524
324.jpg,pothole,254,443,283,437
325.jpg,pothole,214,435,233,428
326.jpg,pothole,135,485,186,276
326.jpg,pothole,298,400,138,176
327.jpg,pothole,0,3200,932,1671
328.jpg,pothole,134,461,56,235
328.jpg,pothole,35,142,122,156
329.jpg,pothole,270,876,486,720
329.jpg,pothole,475,760,338,465
329.jpg,pothole,623,781,251,331
330.jpg,pothole,161,770,174,433
331.jpg,pothole,0,363,146,300
332.jpg,pothole,266,484,288,465
333.jpg,pothole,87,829,200,358
334.jpg,pothole,101,539,141,210
335.jpg,pothole,207,420,11,273
336.jpg,pothole,227,396,150,275
337.jpg,pothole,245,510,191,395
337.jpg,pothole,211,331,219,299
338.jpg,pothole,45,239,124,288
338.jpg,pothole,202,315,37,123
339.jpg,pothole,41,234,74,177
340.jpg,pothole,292,364,95,139
340.jpg,pothole,340,375,31,53
340.jpg,pothole,299,332,31,46
340.jpg,pothole,227,277,34,63
340.jpg,pothole,242,276,21,34
341.jpg,pothole,88,295,80,165
342.jpg,pothole,153,243,100,128
343.jpg,pothole,106,934,462,720
343.jpg,pothole,606,902,302,389
343.jpg,pothole,42,454,274,342
343.jpg,pothole,0,251,365,443
344.jpg,pothole,116,802,50,530
345.jpg,pothole,0,146,188,288
345.jpg,pothole,92,216,96,144
345.jpg,pothole,237,455,122,233
345.jpg,pothole,239,352,48,101
345.jpg,pothole,143,290,0,43
345.jpg,pothole,351,494,0,45
345.jpg,pothole,0,64,14,53
346.jpg,pothole,120,380,299,418
346.jpg,pothole,0,76,73,181
346.jpg,pothole,345,613,101,251
346.jpg,pothole,729,883,162,238
346.jpg,pothole,545,740,74,156
346.jpg,pothole,583,724,29,83
346.jpg,pothole,526,713,0,32
347.jpg,pothole,276,416,285,387
348.jpg,pothole,18,212,295,394
348.jpg,pothole,466,587,201,253
348.jpg,pothole,352,463,149,198
348.jpg,pothole,192,377,171,272
348.jpg,pothole,373,467,103,130
348.jpg,pothole,155,204,40,60
348.jpg,pothole,317,415,65,99
348.jpg,pothole,210,311,50,89
348.jpg,pothole,255,318,29,50
348.jpg,pothole,415,562,48,96
348.jpg,pothole,327,415,40,67
348.jpg,pothole,319,393,19,43
348.jpg,pothole,387,443,30,51
348.jpg,pothole,183,233,22,38
348.jpg,pothole,436,533,295,379
348.jpg,pothole,455,582,253,296
349.jpg,pothole,174,433,91,124
349.jpg,pothole,198,240,132,149
349.jpg,pothole,0,238,156,299
349.jpg,pothole,245,335,69,80
350.jpg,pothole,292,504,288,425
351.jpg,pothole,225,592,114,577
352.jpg,pothole,315,685,228,324
353.jpg,pothole,45,506,17,254
354.jpg,pothole,177,527,156,304
355.jpg,pothole,139,208,228,266
355.jpg,pothole,117,164,196,211
355.jpg,pothole,173,233,187,211
355.jpg,pothole,144,160,157,165
355.jpg,pothole,164,215,172,187
355.jpg,pothole,143,278,260,300
356.jpg,pothole,338,765,129,289
357.jpg,pothole,255,533,135,396
358.jpg,pothole,279,459,270,459
359.jpg,pothole,114,592,165,227
360.jpg,pothole,265,448,280,393
361.jpg,pothole,33,418,94,271
362.jpg,pothole,10,864,78,555
363.jpg,pothole,192,240,160,179
363.jpg,pothole,208,251,77,101
363.jpg,pothole,242,276,110,142
363.jpg,pothole,252,275,57,72
363.jpg,pothole,319,344,166,206
363.jpg,pothole,332,367,211,261
363.jpg,pothole,285,313,56,103
363.jpg,pothole,302,326,102,139
363.jpg,pothole,205,222,110,119
364.jpg,pothole,154,330,176,258
364.jpg,pothole,377,441,124,138
364.jpg,pothole,234,255,130,139
364.jpg,pothole,364,408,203,226
364.jpg,pothole,22,53,196,218
365.jpg,pothole,266,425,225,322
365.jpg,pothole,299,434,341,438
366.jpg,pothole,193,315,147,194
366.jpg,pothole,108,366,215,300
366.jpg,pothole,245,285,96,109
366.jpg,pothole,288,318,111,125
367.jpg,pothole,303,451,277,358
368.jpg,pothole,43,296,100,185
368.jpg,pothole,250,400,109,173
369.jpg,pothole,220,554,122,464
370.jpg,pothole,0,121,137,163
370.jpg,pothole,70,297,170,198
370.jpg,pothole,0,89,202,227
371.jpg,pothole,213,370,205,371
372.jpg,pothole,24,1012,315,616
373.jpg,pothole,274,419,253,422
374.jpg,pothole,72,211,72,174
375.jpg,pothole,246,390,224,259
375.jpg,pothole,371,598,288,351
376.jpg,pothole,235,391,192,281
377.jpg,pothole,272,440,286,432
378.jpg,pothole,71,468,175,400
379.jpg,pothole,29,154,96,149
380.jpg,pothole,10,153,58,130
380.jpg,pothole,153,182,20,29
380.jpg,pothole,108,146,42,59
380.jpg,pothole,156,180,42,54
380.jpg,pothole,112,139,29,38
381.jpg,pothole,363,611,370,497
381.jpg,pothole,156,361,220,371
382.jpg,pothole,298,448,321,396
383.jpg,pothole,326,374,140,164
383.jpg,pothole,180,260,103,133
383.jpg,pothole,285,346,172,216
383.jpg,pothole,260,306,78,95
384.jpg,pothole,158,279,190,248
385.jpg,pothole,156,417,264,450
385.jpg,pothole,258,516,134,233
385.jpg,pothole,615,701,2,53
385.jpg,pothole,495,599,10,74
385.jpg,pothole,545,720,440,518
386.jpg,pothole,244,462,244,363
386.jpg,pothole,519,720,333,462
387.jpg,pothole,187,390,197,251
387.jpg,pothole,191,217,164,185
388.jpg,pothole,113,192,104,163
389.jpg,pothole,204,380,197,303
389.jpg,pothole,377,596,109,184
389.jpg,pothole,22,186,63,113
390.jpg,pothole,0,178,78,226
391.jpg,pothole,168,505,78,250
392.jpg,pothole,277,425,285,403
393.jpg,pothole,357,595,351,430
394.jpg,pothole,335,491,90,156
395.jpg,pothole,267,555,257,405
396.jpg,pothole,47,647,222,353
396.jpg,pothole,243,433,146,198
397.jpg,pothole,36,261,92,265
398.jpg,pothole,3,232,260,344
398.jpg,pothole,377,502,239,329
399.jpg,pothole,297,376,92,174
399.jpg,pothole,352,448,183,278
400.jpg,pothole,163,345,204,294
401.jpg,pothole,276,437,284,403
401.jpg,pothole,62,236,198,303
402.jpg,pothole,36,523,249,401
402.jpg,pothole,0,95,168,206
402.jpg,pothole,0,58,125,151
403.jpg,pothole,419,516,314,335
403.jpg,pothole,225,324,315,335
403.jpg,pothole,456,504,38,60
403.jpg,pothole,407,470,57,90
403.jpg,pothole,449,507,104,129
403.jpg,pothole,258,403,166,234
403.jpg,pothole,180,284,241,314
403.jpg,pothole,97,238,137,192
403.jpg,pothole,243,300,124,166
403.jpg,pothole,19,80,88,116
403.jpg,pothole,89,140,105,128
403.jpg,pothole,122,279,58,104
403.jpg,pothole,105,251,18,56
403.jpg,pothole,317,354,5,37
404.jpg,pothole,85,225,215,291
405.jpg,pothole,0,680,181,381
406.jpg,pothole,0,720,157,480
407.jpg,pothole,499,762,99,234
408.jpg,pothole,104,527,199,352
408.jpg,pothole,0,67,303,352
408.jpg,pothole,295,468,167,222
409.jpg,pothole,73,242,198,307
409.jpg,pothole,176,300,325,400
409.jpg,pothole,84,178,130,153
410.jpg,pothole,261,361,64,111
411.jpg,pothole,192,516,127,466
412.jpg,pothole,266,435,378,474
413.jpg,pothole,286,418,312,366
414.jpg,pothole,220,507,271,432
415.jpg,pothole,0,121,48,154
416.jpg,pothole,256,493,236,389
417.jpg,pothole,0,400,83,196
418.jpg,pothole,24,294,172,300
418.jpg,pothole,18,160,116,149
418.jpg,pothole,271,450,150,194
418.jpg,pothole,1,60,99,120
418.jpg,pothole,27,148,50,82
419.jpg,pothole,122,293,92,139
419.jpg,pothole,0,386,198,298
419.jpg,pothole,78,218,23,77
419.jpg,pothole,187,263,6,20
419.jpg,pothole,42,103,94,114
420.jpg,pothole,281,514,322,470
420.jpg,pothole,503,610,240,285
421.jpg,pothole,250,339,242,273
422.jpg,pothole,72,213,201,256
422.jpg,pothole,385,493,231,264
423.jpg,pothole,131,608,195,361
424.jpg,pothole,202,492,221,412
425.jpg,pothole,282,464,220,362
426.jpg,pothole,68,421,77,300
427.jpg,pothole,271,366,167,222
427.jpg,pothole,43,221,128,188
427.jpg,pothole,267,345,115,168
427.jpg,pothole,16,60,211,242
427.jpg,pothole,289,365,75,106
428.jpg,pothole,105,534,133,300
429.jpg,pothole,302,1114,405,601
430.jpg,pothole,232,384,285,403
430.jpg,pothole,331,512,367,496
431.jpg,pothole,0,516,102,303
432.jpg,pothole,225,466,271,416
433.jpg,pothole,106,212,96,155
434.jpg,pothole,248,481,222,395
435.jpg,pothole,220,529,252,531
436.jpg,pothole,187,483,302,422
437.jpg,pothole,267,417,262,431
438.jpg,pothole,311,1415,393,1040
439.jpg,pothole,98,581,265,418
439.jpg,pothole,157,501,140,243
440.jpg,pothole,169,510,91,203
440.jpg,pothole,159,316,204,256
440.jpg,pothole,29,151,260,300
441.jpg,pothole,228,499,218,281
441.jpg,pothole,125,252,165,206
442.jpg,pothole,168,322,170,234
443.jpg,pothole,163,557,264,510
443.jpg,pothole,322,504,562,720
444.jpg,pothole,190,480,247,429
445.jpg,pothole,141,162,36,46
445.jpg,pothole,151,188,47,59
445.jpg,pothole,196,259,81,121
445.jpg,pothole,107,152,45,59
445.jpg,pothole,70,161,63,166
446.jpg,pothole,214,371,191,257
447.jpg,pothole,11,251,76,157
448.jpg,pothole,77,523,79,228
449.jpg,pothole,220,548,312,417
450.jpg,pothole,253,474,274,419
451.jpg,pothole,77,336,150,256
452.jpg,pothole,124,293,101,156
453.jpg,pothole,63,344,181,318
454.jpg,pothole,317,678,571,1056
455.jpg,pothole,432,810,351,800
456.jpg,pothole,293,465,218,347
457.jpg,pothole,344,1531,823,1174
457.jpg,pothole,569,4256,1047,2606
458.jpg,pothole,147,299,140,208
458.jpg,pothole,263,473,253,361
458.jpg,pothole,370,545,415,480
459.jpg,pothole,41,696,225,388
460.jpg,pothole,259,585,311,461
461.jpg,pothole,164,332,85,236
462.jpg,pothole,113,231,120,187
462.jpg,pothole,223,290,93,139
462.jpg,pothole,0,122,211,272
462.jpg,pothole,308,375,145,175
462.jpg,pothole,121,185,39,60
462.jpg,pothole,196,267,47,69
462.jpg,pothole,195,247,14,28
462.jpg,pothole,85,119,29,40
463.jpg,pothole,564,838,338,495
463.jpg,pothole,211,436,332,473
464.jpg,pothole,185,226,156,190
464.jpg,pothole,159,224,125,157
464.jpg,pothole,119,158,103,123
464.jpg,pothole,218,248,98,113
464.jpg,pothole,275,305,74,91
464.jpg,pothole,222,251,70,87
464.jpg,pothole,75,115,70,93
464.jpg,pothole,184,228,33,49
464.jpg,pothole,127,151,51,75
464.jpg,pothole,135,164,85,98
464.jpg,pothole,42,99,49,71
464.jpg,pothole,94,124,40,52
464.jpg,pothole,321,395,11,37
464.jpg,pothole,285,309,43,58
464.jpg,pothole,228,252,14,27
464.jpg,pothole,122,184,17,34
465.jpg,pothole,229,484,241,410
466.jpg,pothole,182,948,119,403
467.jpg,pothole,111,601,237,439
468.jpg,pothole,146,330,149,277
469.jpg,pothole,249,472,266,351
469.jpg,pothole,145,310,72,195
470.jpg,pothole,272,406,293,382
471.jpg,pothole,191,541,304,548
472.jpg,pothole,48,596,98,379
473.jpg,pothole,167,455,280,403
473.jpg,pothole,390,494,392,470
474.jpg,pothole,126,899,338,649
475.jpg,pothole,228,489,301,449
476.jpg,pothole,144,230,161,205
477.jpg,pothole,247,405,289,409
478.jpg,pothole,33,439,74,278
479.jpg,pothole,0,589,55,302
480.jpg,pothole,102,393,141,332
481.jpg,pothole,354,444,377,484
482.jpg,pothole,105,403,31,278
483.jpg,pothole,0,259,69,194
484.jpg,pothole,295,438,230,364
485.jpg,pothole,8,71,137,168
485.jpg,pothole,165,235,108,168
485.jpg,pothole,249,300,103,132
485.jpg,pothole,168,204,83,103
485.jpg,pothole,98,140,115,143
485.jpg,pothole,118,147,78,99
485.jpg,pothole,213,300,53,80
485.jpg,pothole,141,164,64,74
485.jpg,pothole,70,99,86,100
485.jpg,pothole,47,73,109,126
485.jpg,pothole,107,128,69,78
485.jpg,pothole,171,206,63,78
485.jpg,pothole,143,165,97,111
485.jpg,pothole,137,152,53,64
486.jpg,pothole,0,3227,697,3019
487.jpg,pothole,307,420,263,300
487.jpg,pothole,163,286,167,215
487.jpg,pothole,464,523,140,172
487.jpg,pothole,355,469,154,204
487.jpg,pothole,286,355,131,165
487.jpg,pothole,347,430,119,143
487.jpg,pothole,221,274,99,124
487.jpg,pothole,285,339,93,121
487.jpg,pothole,356,406,95,112
487.jpg,pothole,368,459,59,80
487.jpg,pothole,313,383,47,74
487.jpg,pothole,277,316,26,42
488.jpg,pothole,111,281,127,200
489.jpg,pothole,341,717,190,335
489.jpg,pothole,0,217,264,424
489.jpg,pothole,0,75,11,76
489.jpg,pothole,510,710,0,59
489.jpg,pothole,130,312,142,207
489.jpg,pothole,338,509,79,143
489.jpg,pothole,210,402,0,65
489.jpg,pothole,77,203,0,25
490.jpg,pothole,98,221,190,243
490.jpg,pothole,222,295,168,199
490.jpg,pothole,264,331,139,169
491.jpg,pothole,653,1158,318,417
491.jpg,pothole,44,171,389,468
491.jpg,pothole,257,384,520,603
492.jpg,pothole,0,438,0,238
493.jpg,pothole,222,500,223,421
494.jpg,pothole,0,400,151,300
495.jpg,pothole,96,585,284,416
496.jpg,pothole,676,1156,442,998
497.jpg,pothole,181,238,129,167
497.jpg,pothole,247,290,125,150
497.jpg,pothole,21,155,102,167
497.jpg,pothole,67,93,79,90
497.jpg,pothole,148,170,77,94
497.jpg,pothole,174,213,95,126
497.jpg,pothole,251,290,102,124
497.jpg,pothole,222,276,74,102
498.jpg,pothole,143,318,268,367
498.jpg,pothole,292,496,363,513
499.jpg,pothole,65,227,197,288
499.jpg,pothole,247,476,196,290
499.jpg,pothole,55,463,123,208
500.jpg,pothole,65,350,104,234
500.jpg,pothole,131,199,26,42
501.jpg,pothole,323,479,234,350
501.jpg,pothole,279,472,357,540
502.jpg,pothole,238,459,268,404
503.jpg,pothole,0,300,129,383
504.jpg,pothole,90,287,146,245
504.jpg,pothole,296,408,121,165
504.jpg,pothole,358,519,201,289
504.jpg,pothole,181,281,84,128
504.jpg,pothole,436,533,51,88
504.jpg,pothole,241,362,39,78
504.jpg,pothole,60,181,38,77
504.jpg,pothole,355,450,25,57
504.jpg,pothole,73,170,6,29
504.jpg,pothole,318,413,0,19
505.jpg,pothole,890,1760,1146,1532
506.jpg,pothole,311,418,324,375
506.jpg,pothole,0,65,290,337
507.jpg,pothole,165,386,88,267
508.jpg,pothole,0,540,139,300
509.jpg,pothole,255,471,305,467
510.jpg,pothole,391,803,283,617
511.jpg,pothole,301,1089,80,716
512.jpg,pothole,260,394,279,349
513.jpg,pothole,205,255,215,233
513.jpg,pothole,145,184,231,247
513.jpg,pothole,62,186,250,287
514.jpg,pothole,0,533,154,300
515.jpg,pothole,293,444,295,426
516.jpg,pothole,164,456,98,163
517.jpg,pothole,143,837,104,305
518.jpg,pothole,556,1200,623,800
519.jpg,pothole,186,608,256,503
520.jpg,pothole,116,533,123,300
521.jpg,pothole,474,862,363,475
521.jpg,pothole,382,461,281,324
522.jpg,pothole,116,509,311,576
523.jpg,pothole,284,488,311,428
524.jpg,pothole,69,997,308,589
524.jpg,pothole,44,354,171,298
525.jpg,pothole,416,881,474,686
525.jpg,pothole,1008,1172,326,374
525.jpg,pothole,966,1134,550,611
525.jpg,pothole,46,139,508,601
526.jpg,pothole,291,446,161,293
527.jpg,pothole,230,1012,251,522
528.jpg,pothole,213,363,160,204
528.jpg,pothole,141,283,246,295
528.jpg,pothole,163,192,123,134
529.jpg,pothole,2,204,88,173
530.jpg,pothole,0,680,107,431
531.jpg,pothole,213,483,312,436
532.jpg,pothole,297,565,397,469
532.jpg,pothole,62,690,490,659
533.jpg,pothole,170,455,202,369
534.jpg,pothole,263,473,255,394
535.jpg,pothole,0,465,101,300
536.jpg,pothole,272,399,268,360
537.jpg,pothole,168,333,211,279
538.jpg,pothole,42,366,67,167
539.jpg,pothole,150,384,90,129
539.jpg,pothole,0,217,195,266
540.jpg,pothole,31,305,163,266
540.jpg,pothole,321,371,120,144
541.jpg,pothole,65,323,148,281
542.jpg,pothole,267,332,0,12
542.jpg,pothole,207,297,55,75
542.jpg,pothole,123,207,107,147
542.jpg,pothole,98,231,140,182
542.jpg,pothole,148,277,181,236
543.jpg,pothole,384,696,227,334
544.jpg,pothole,85,225,203,256
544.jpg,pothole,236,384,163,199
545.jpg,pothole,108,308,173,297
546.jpg,pothole,279,438,218,273
546.jpg,pothole,221,289,133,154
546.jpg,pothole,295,388,165,182
546.jpg,pothole,352,453,151,179
546.jpg,pothole,0,240,208,253
547.jpg,pothole,274,499,292,424
548.jpg,pothole,242,551,335,510
549.jpg,pothole,23,111,236,331
549.jpg,pothole,82,150,130,164
549.jpg,pothole,150,191,87,110
549.jpg,pothole,58,83,188,207
550.jpg,pothole,35,240,215,300
550.jpg,pothole,369,453,134,169
550.jpg,pothole,266,321,131,159
551.jpg,pothole,247,449,245,433
552.jpg,pothole,80,599,150,446
553.jpg,pothole,144,372,112,210
553.jpg,pothole,43,146,64,97
554.jpg,pothole,1,451,168,300
554.jpg,pothole,274,451,104,142
554.jpg,pothole,158,257,121,138
555.jpg,pothole,244,475,272,465
556.jpg,pothole,191,338,127,217
556.jpg,pothole,240,274,103,115
557.jpg,pothole,180,380,55,176
558.jpg,pothole,268,481,260,453
559.jpg,pothole,152,356,101,261
560.jpg,pothole,301,397,255,323
561.jpg,pothole,243,473,291,478
562.jpg,pothole,279,467,256,396
563.jpg,pothole,2,498,189,410
564.jpg,pothole,255,440,0,465
565.jpg,pothole,218,847,128,266
565.jpg,pothole,236,548,308,413
566.jpg,pothole,26,1008,319,600
566.jpg,pothole,986,1200,555,628
567.jpg,pothole,169,262,180,218
567.jpg,pothole,326,424,225,287
567.jpg,pothole,307,415,185,213
567.jpg,pothole,0,57,128,149
567.jpg,pothole,182,210,124,138
567.jpg,pothole,318,344,154,165
567.jpg,pothole,238,289,162,184
567.jpg,pothole,314,349,105,116
567.jpg,pothole,329,382,89,100
567.jpg,pothole,267,297,88,96
568.jpg,pothole,0,800,218,516
569.jpg,pothole,253,517,276,489
570.jpg,pothole,50,452,114,300
570.jpg,pothole,356,452,24,81
571.jpg,pothole,551,1419,537,1116
571.jpg,pothole,254,469,480,569
571.jpg,pothole,0,340,754,896
572.jpg,pothole,214,500,180,422
573.jpg,pothole,220,696,277,412
574.jpg,pothole,1,889,79,440
575.jpg,pothole,117,320,201,248
575.jpg,pothole,133,272,87,110
575.jpg,pothole,161,214,59,70
575.jpg,pothole,277,399,134,150
575.jpg,pothole,146,236,155,175
576.jpg,pothole,62,232,122,221
576.jpg,pothole,335,379,114,135
577.jpg,pothole,105,361,54,210
578.jpg,pothole,213,368,148,211
578.jpg,pothole,301,378,101,138
579.jpg,pothole,72,235,138,213
580.jpg,pothole,121,483,71,272
581.jpg,pothole,306,708,332,763
582.jpg,pothole,250,468,315,436
583.jpg,pothole,138,494,160,268
583.jpg,pothole,0,161,127,188
584.jpg,pothole,94,288,57,182
585.jpg,pothole,274,478,201,363
586.jpg,pothole,0,252,111,258
587.jpg,pothole,97,325,8,300
588.jpg,pothole,106,442,50,282
589.jpg,pothole,269,583,366,497
590.jpg,pothole,245,465,327,458
591.jpg,pothole,168,378,142,300
592.jpg,pothole,114,559,50,260
593.jpg,pothole,189,451,325,500
594.jpg,pothole,229,338,183,300
594.jpg,pothole,330,453,157,240
594.jpg,pothole,190,331,102,165
594.jpg,pothole,301,370,90,122
594.jpg,pothole,288,316,141,158
594.jpg,pothole,317,354,131,150
594.jpg,pothole,42,205,118,257
594.jpg,pothole,232,289,82,104
594.jpg,pothole,237,290,83,104
594.jpg,pothole,480,514,228,253
594.jpg,pothole,0,36,150,192
595.jpg,pothole,217,443,229,438
595.jpg,pothole,564,710,305,548
595.jpg,pothole,73,216,595,720
596.jpg,pothole,144,271,298,349
597.jpg,pothole,71,247,162,225
597.jpg,pothole,232,332,87,111
598.jpg,pothole,120,401,139,210
599.jpg,pothole,194,318,307,356
599.jpg,pothole,480,552,331,352
599.jpg,pothole,403,489,274,312
599.jpg,pothole,497,547,178,200
599.jpg,pothole,206,326,191,230
599.jpg,pothole,25,205,258,313
599.jpg,pothole,46,134,155,178
599.jpg,pothole,138,449,168,201
600.jpg,pothole,0,276,142,216
600.jpg,pothole,30,73,67,84
600.jpg,pothole,89,215,64,99
600.jpg,pothole,135,190,3,16
600.jpg,pothole,55,161,15,56
601.jpg,pothole,432,810,350,600
601.jpg,pothole,0,135,518,728
601.jpg,pothole,186,459,490,728
601.jpg,pothole,50,331,393,595
602.jpg,pothole,140,281,135,202
603.jpg,pothole,248,494,54,232
604.jpg,pothole,122,277,253,343
604.jpg,pothole,210,300,233,250
604.jpg,pothole,132,223,187,215
605.jpg,pothole,41,270,99,240
606.jpg,pothole,393,806,270,435
607.jpg,pothole,236,488,349,503
608.jpg,pothole,156,265,218,267
608.jpg,pothole,51,107,234,255
608.jpg,pothole,216,249,143,157
609.jpg,pothole,156,280,155,188
609.jpg,pothole,162,245,125,146
610.jpg,pothole,264,485,253,388
611.jpg,pothole,214,485,314,482
612.jpg,pothole,229,296,242,269
612.jpg,pothole,143,202,196,220
612.jpg,pothole,156,189,168,183
613.jpg,pothole,283,494,231,452
614.jpg,pothole,295,450,248,444
614.jpg,pothole,104,284,234,373
614.jpg,pothole,274,397,21,145
614.jpg,pothole,567,680,59,142
615.jpg,pothole,91,578,421,950
615.jpg,pothole,182,533,64,258
616.jpg,pothole,160,601,158,371
617.jpg,pothole,263,469,194,229
617.jpg,pothole,84,235,158,183
617.jpg,pothole,175,266,119,137
617.jpg,pothole,50,147,133,154
617.jpg,pothole,38,91,107,117
617.jpg,pothole,128,217,79,97
617.jpg,pothole,243,294,68,83
618.jpg,pothole,91,355,175,275
619.jpg,pothole,550,1048,627,860
619.jpg,pothole,134,411,318,486
619.jpg,pothole,1040,1302,41,147
619.jpg,pothole,1369,1500,48,130
620.jpg,pothole,190,1758,910,1529
620.jpg,pothole,1427,2005,728,877
620.jpg,pothole,2133,2496,720,836
621.jpg,pothole,281,385,321,443
622.jpg,pothole,317,1230,230,819
623.jpg,pothole,388,736,312,449
624.jpg,pothole,253,452,312,430
625.jpg,pothole,161,292,156,194
625.jpg,pothole,405,490,115,138
625.jpg,pothole,319,481,184,295
626.jpg,pothole,171,370,285,446
626.jpg,pothole,447,638,168,309
626.jpg,pothole,549,703,0,54
627.jpg,pothole,21,388,66,284
627.jpg,pothole,364,453,5,61
628.jpg,pothole,279,451,272,411
629.jpg,pothole,239,503,245,427
629.jpg,pothole,381,542,22,111
630.jpg,pothole,269,467,259,384
631.jpg,pothole,1400,3098,1417,2665
632.jpg,pothole,116,312,68,205
633.jpg,pothole,159,342,236,362
633.jpg,pothole,280,513,370,563
634.jpg,pothole,230,434,279,517
635.jpg,pothole,282,452,235,478
636.jpg,pothole,406,953,477,677
637.jpg,pothole,237,495,263,464
638.jpg,pothole,94,270,192,261
639.jpg,pothole,695,1008,259,340
639.jpg,pothole,192,653,504,637
640.jpg,pothole,214,326,222,300
640.jpg,pothole,306,346,176,221
640.jpg,pothole,116,184,140,205
640.jpg,pothole,247,301,68,95
640.jpg,pothole,241,334,73,187
641.jpg,pothole,349,430,252,292
642.jpg,pothole,220,535,244,582
643.jpg,pothole,259,496,192,408
644.jpg,pothole,128,436,187,300
644.jpg,pothole,0,182,149,230
644.jpg,pothole,0,112,106,142
645.jpg,pothole,0,799,38,400
646.jpg,pothole,199,503,201,328
647.jpg,pothole,65,99,71,86
648.jpg,pothole,405,645,103,172
648.jpg,pothole,156,264,198,273
648.jpg,pothole,280,326,73,94
648.jpg,pothole,202,311,112,153
649.jpg,pothole,347,800,259,432
650.jpg,pothole,213,570,292,515
651.jpg,pothole,50,207,215,250
651.jpg,pothole,150,280,247,269
652.jpg,pothole,260,631,174,337
653.jpg,pothole,23,388,186,261
653.jpg,pothole,299,520,129,173
654.jpg,pothole,234,454,306,561
655.jpg,pothole,27,416,121,244
655.jpg,pothole,17,147,87,123
656.jpg,pothole,204,386,182,277
657.jpg,pothole,105,334,183,257
657.jpg,pothole,218,400,152,188
657.jpg,pothole,125,179,161,183
658.jpg,pothole,282,526,336,479
658.jpg,pothole,164,440,68,199
659.jpg,pothole,220,334,83,268
659.jpg,pothole,349,481,50,242
659.jpg,pothole,191,233,0,65
660.jpg,pothole,339,1322,541,905
661.jpg,pothole,376,667,229,383
662.jpg,pothole,199,554,209,486
663.jpg,pothole,397,561,318,375
663.jpg,pothole,388,498,176,215
663.jpg,pothole,225,339,277,341
663.jpg,pothole,60,174,334,376
663.jpg,pothole,12,146,183,229
664.jpg,pothole,327,529,21,317
664.jpg,pothole,0,233,259,466
665.jpg,pothole,220,464,277,422
666.jpg,pothole,233,383,278,390
666.jpg,pothole,439,518,286,358
667.jpg,pothole,250,390,233,386
668.jpg,pothole,0,533,123,259
669.jpg,pothole,224,387,318,480
669.jpg,pothole,357,659,207,320
669.jpg,pothole,206,331,104,161
670.jpg,pothole,299,471,274,425
671.jpg,pothole,271,445,295,450
671.jpg,pothole,0,150,68,197
671.jpg,pothole,284,456,67,183
672.jpg,pothole,207,657,322,480
672.jpg,pothole,0,182,274,370
672.jpg,pothole,0,176,166,227
673.jpg,pothole,121,444,114,188
674.jpg,pothole,50,158,82,168
674.jpg,pothole,99,148,44,73
