XMin,YMin,XMax,YMax,Conf,LabelName,ImageID
239.99974966049194,263.0001640319824,518.9997410774231,488.0001640319824,0.913687,pothole,1000.jpg
-0.00022798776626586914,140.9998521208763,380.999918282032,366.9997528195381,0.225901,pothole,1002.jpg
287.9999868571758,246.9998236745596,387.9998870193958,349.999875202775,0.705601,pothole,1002.jpg
251.99999034404755,293.0000442266464,400.99967300891876,417.9999643564224,0.652878,pothole,1003.jpg
82.00009942054749,36.00011944770813,234.0000569820404,128.0000388622284,0.803087,pothole,1004.jpg
69.99992072582245,116.00004494190216,315.0,171.00012481212616,0.552099,pothole,1005.jpg
0.0,73.99992048740387,92.00016349554062,106.9999212026596,0.669947,pothole,1005.jpg
503.00007551908493,107.00007837824523,610.0001361966133,146.0000558514148,0.449429,pothole,1006.jpg
279.0001791715622,279.99969083070755,813.9999049901962,536.9996716380119,0.942912,pothole,1006.jpg
926.0001522302628,196.99999563395977,959.0001529455185,235.00001080334187,0.229757,pothole,1007.jpg
501.9998502731323,412.99983590841293,822.9998445510864,539.9997344613075,0.846518,pothole,1007.jpg
17.00010895729065,188.00010681152344,450.0,450.0,0.216107,pothole,1008.jpg
200.99992901086807,186.9999647140503,449.99977201223373,370.0001120567322,0.412096,pothole,1008.jpg
116.99978113174438,384.00030098855495,444.99982595443726,449.00010265409946,0.614663,pothole,1008.jpg
44.99979566037655,67.99996957182884,163.9997943788767,110.0000573694706,0.884643,pothole,1009.jpg
162.99999551475048,124.00013744831085,411.9998656064272,230.99999606609344,0.93509,pothole,1009.jpg
262.0000755786896,291.0002428293228,457.9999244213104,415.00008523464203,0.912923,pothole,1010.jpg
34.000108540058136,39.99988925457001,698.9998415112495,391.99989026784897,0.758819,pothole,1011.jpg
7.999977350234985,83.00005316734314,179.9999876022339,227.000013589859,0.549395,pothole,1012.jpg
46.99998979270458,237.99992479383945,84.00005848705769,259.99992929399014,0.718364,pothole,1012.jpg
137.9999561905861,112.99994096159935,193.99999421834946,136.99994340538979,0.828687,pothole,1012.jpg
8.999991416931152,115.0002010166645,277.0002007484436,295.0002036988735,0.481864,pothole,1013.jpg
59.00045657157898,255.9995481222868,304.0003709793091,333.9998620301485,0.832056,pothole,1014.jpg
274.9994173049927,125.99986445903778,977.9994506835938,492.0000547170639,0.936016,pothole,1014.jpg
142.99992442131042,257.0000410079956,471.00024819374084,411.0001230239868,0.823637,pothole,1015.jpg
380.9993863105774,379.9999869465828,991.9998049736023,557.9996854662895,0.89235,pothole,1016.jpg
2.000250667333603,86.9998499751091,183.00015404820442,247.99995571374893,0.619546,pothole,1017.jpg
658.9999794960022,414.0001283958554,784.9999785423279,533.0001814290881,0.238499,pothole,1018.jpg
110.00001430511475,363.0001688748598,397.00000286102295,534.0000807493925,0.800369,pothole,1018.jpg
5.100667476654053e-05,142.00005680322647,73.99992996454239,256.9999560713768,0.215771,pothole,1019.jpg
462.00017140991986,120.99990304559469,489.00015939585865,138.99990264326334,0.242427,pothole,1019.jpg
408.0000706538558,193.00004839897156,488.99998906999826,279.0001451969147,0.818655,pothole,1019.jpg
394.00002817064524,135.0001573562622,489.00001093000174,202.00005769729614,0.829148,pothole,1019.jpg
143.99975618720055,229.99994829297066,351.9998169243336,298.0000488460064,0.868449,pothole,1019.jpg
71.9998596906662,182.00007715821266,329.0001004934311,405.0000967681408,0.889965,pothole,1020.jpg
99.00000095367432,58.99994820356369,269.0000057220459,184.00005251169205,0.669282,pothole,1022.jpg
124.99993555247784,165.00015333294868,285.0001160055399,220.00005170702934,0.889332,pothole,1023.jpg
95.00002938508987,99.99991923570633,195.99992948770523,147.9999799132347,0.217851,pothole,1024.jpg
96.00003871321678,97.9999740421772,224.9999066889286,193.0000259578228,0.769666,pothole,1024.jpg
60.00006761401892,57.0000135153532,121.00000754743814,83.00008733570576,0.920076,pothole,1024.jpg
127.99997532367706,145.00005275011063,375.9999977350235,208.00002843141556,0.933144,pothole,1025.jpg
0.0,74.00004008412361,246.9999998807907,165.0000123679638,0.829965,pothole,1026.jpg
218.99992525577545,78.99997383356094,447.0000833272934,354.9998179078102,0.690278,pothole,1027.jpg
336.99983060359955,307.00008594989777,527.9996792078018,472.9998553991318,0.903557,pothole,1028.jpg
177.00048565864563,240.00011444091797,479.0001618862152,432.0003604888916,0.763845,pothole,1030.jpg
417.99996972084045,618.0001240968704,684.9997365474701,718.0002039670944,0.847602,pothole,1030.jpg
116.00040793418884,239.99997563660145,542.0003950595856,491.9997554272413,0.220989,pothole,1031.jpg
312.00031265616417,168.99997852742672,449.00010600686073,271.0001293569803,0.692976,pothole,1032.jpg
325.9997982233763,433.0000559091568,465.9999964982271,528.999905705452,0.812946,pothole,1033.jpg
0.00011627748608589172,810.0005561113358,197.00000919774175,1291.0005458593369,0.354316,pothole,1034.jpg
1299.9997897297144,931.9996896386147,2249.9986576884985,1300.999576985836,0.934268,pothole,1034.jpg
193.99966675043106,466.99987667798996,606.9997310042381,617.9995334744453,0.58348,pothole,1035.jpg
605.0001704692841,-3.4868717193603516e-05,720.0000107288361,45.999973118305206,0.380917,pothole,1036.jpg
262.99979388713837,271.99980944395065,380.9998780488968,349.99956876039505,0.554424,pothole,1036.jpg
313.9995628595352,345.0002557039261,460.9997981786728,516.0002535581589,0.886382,pothole,1036.jpg
142.00011357665062,111.99996381998062,258.00012543797493,137.99988359212875,0.210034,pothole,1037.jpg
145.0000101327896,68.99999856948853,252.99996614456177,113.99999856948853,0.927271,pothole,1037.jpg
98.99994945153594,182.99990203231573,134.9999555386603,199.9999115243554,0.658237,pothole,1039.jpg
150.00014305114746,150.00010281801224,196.00001871585846,169.00009363889694,0.873303,pothole,1039.jpg
0.0,124.00009073317051,52.000026032328606,144.0001007169485,0.890021,pothole,1039.jpg
115.0000517256558,118.00000257790089,144.00005443021655,130.99999241530895,0.90188,pothole,1039.jpg
160.9999891370535,211.0000491142273,285.0001160055399,258.0001473426819,0.913562,pothole,1039.jpg
50.000185426324606,153.99989560246468,100.00016028061509,177.99989506602287,0.917993,pothole,1039.jpg
246.9997943378985,166.00001379847527,297.99979319795966,191.00000336766243,0.921218,pothole,1039.jpg
4.930049180984497e-05,124.00005769729614,81.99994937330484,334.0000343322754,0.415205,pothole,1040.jpg
227.00026151537895,164.99991965293884,488.00019004940987,275.99989676475525,0.779036,pothole,1040.jpg
231.99995374679565,173.99966165423393,397.00004625320435,297.99982115626335,0.918512,pothole,1042.jpg
188.00012376904488,38.00014242529869,269.00014850497246,82.00006201863289,0.313127,pothole,1043.jpg
163.99990099668503,85.00006884336472,319.0000680088997,145.99998027086258,0.602035,pothole,1043.jpg
284.9997557401657,55.000014305114746,407.99987947940826,119.0000456571579,0.861216,pothole,1043.jpg
7.999805152416229,88.99999797344208,93.99986082315445,128.9999884366989,0.885286,pothole,1043.jpg
6.9999754428863525,78.00007313489914,236.0000342130661,234.00021940469742,0.352805,pothole,1045.jpg
37.99990005791187,332.00008062273264,174.9999736994505,436.0003001317382,0.239703,pothole,1046.jpg
-2.7604401111602783e-05,300.00019105523825,36.999981589615345,370.99994830042124,0.376737,pothole,1046.jpg
484.99975548684597,32.000212863087654,602.0001500993967,69.00023294985294,0.754387,pothole,1047.jpg
283.00023597478867,210.99995130300522,808.000091612339,471.9998908638954,0.929981,pothole,1047.jpg
3.390014171600342e-05,3.0000239610671997,38.00002485513687,31.0000079870224,0.549735,pothole,1048.jpg
622.9999952018261,148.00008416175842,699.9999947845936,258.0002439022064,0.744651,pothole,1048.jpg
137.9997581243515,221.00016117095947,433.9996486902237,377.0001554489136,0.824195,pothole,1048.jpg
232.99998025596142,49.99999310821295,285.99995966255665,67.00000260025263,0.628214,pothole,1049.jpg
131.99972185492516,131.99999928474426,381.9998373091221,248.99999499320984,0.938096,pothole,1049.jpg
254.99962748587132,226.99984073638916,445.9997776597738,380.0,0.929626,pothole,1050.jpg
75.00018519163132,74.99989700317383,335.0000612139702,204.99991846084595,0.820847,pothole,1051.jpg
40.0,125.00005531311035,752.9999389648438,574.0001277923584,0.633332,pothole,1052.jpg
188.00009340047836,25.999865680933,412.00019270181656,247.99972102046013,0.664448,pothole,1053.jpg
230.00001668930054,157.99981992691755,309.99998331069946,174.9998303130269,0.434648,pothole,1054.jpg
263.9998698234558,209.9999713897705,328.99983644485474,234.9999725818634,0.524182,pothole,1054.jpg
367.0003151893616,268.0000510811806,439.0003180503845,314.000059068203,0.725654,pothole,1054.jpg
256.000474691391,255.9998405724764,317.00050950050354,292.999828979373,0.773661,pothole,1054.jpg
267.00047492980957,302.000116109848,594.0004634857178,495.99998116493225,0.920365,pothole,1054.jpg
438.0000114440918,231.0001190006733,588.0000114440918,308.9998809993267,0.921005,pothole,1054.jpg
-0.00014457106590270996,82.99996948242188,101.99992069602013,133.99996948242188,0.672832,pothole,1055.jpg
0.0,168.99990141391754,149.9999681711197,258.9999049901962,0.23576,pothole,1057.jpg
1.0000858902931213,241.99995025992393,269.00022661685944,283.00004974007607,0.333331,pothole,1057.jpg
190.00015424191952,237.00000420212746,267.00029630959034,279.0000043809414,0.616718,pothole,1057.jpg
171.99987077713013,238.9999508857727,417.0000230073929,283.00005197525024,0.648298,pothole,1057.jpg
73.99972486495972,38.999928414821625,339.99978590011597,239.00002986192703,0.740151,pothole,1058.jpg
7.510185241699219e-05,15.999913215637207,105.9999132156372,90.00007510185242,0.443577,pothole,1059.jpg
229.00033235549927,257.0000195503235,461.00016832351685,498.9999461174011,0.90169,pothole,1059.jpg
228.99996757507324,335.00014901161194,603.9997386932373,665.9999978542328,0.755061,pothole,1060.jpg
330.0000101327896,168.00015047192574,400.0000089406967,220.00005170702934,0.565235,pothole,1061.jpg
106.0000017285347,104.99989595264196,139.00000303983688,121.99990544468164,0.817818,pothole,1061.jpg
139.9999976158142,148.00004437565804,288.9999985694885,199.99994561076164,0.917201,pothole,1061.jpg
277.00007323920727,234.99992752075195,448.99991853535175,575.000072479248,0.488494,pothole,1062.jpg
2.9999300837516785,94.99972611665726,295.9998831152916,277.99987345933914,0.226439,pothole,1063.jpg
0.0,284.0000092983246,263.9999985694885,400.0000059604645,0.523784,pothole,1064.jpg
239.99977111816406,455.00004529953003,424.0000820159912,568.9998078346252,0.815598,pothole,1065.jpg
324.00036692619324,286.0002028942108,548.0002892017365,422.0002806186676,0.831325,pothole,1065.jpg
91.99992847442627,96.9999611377716,305.9997971057892,197.0000445842743,0.217649,pothole,1066.jpg
-0.0001509636640548706,23.000035285949707,147.9999408274889,204.00012016296387,0.633455,pothole,1066.jpg
220.00019967556,126.99995756149292,359.00003492832184,224.99987840652466,0.939338,pothole,1067.jpg
216.00022411346436,0.9999845027923584,375.00012493133545,41.99999225139618,0.551904,pothole,1068.jpg
214.00023674964905,36.000170573592186,377.00011229515076,68.0001570135355,0.740451,pothole,1068.jpg
24.999988079071045,55.99992370605469,390.99981355667114,279.0000100135803,0.84872,pothole,1068.jpg
82.99995768070221,125.00004172325134,373.0,198.00012230873108,0.361889,pothole,1070.jpg
111.00013157725334,105.00011891126633,263.0002434551716,134.0000393986702,0.861434,pothole,1070.jpg
75.00013852119446,149.99996423721313,155.00009894371033,169.99995946884155,0.362613,pothole,1071.jpg
0.9998209178447723,176.99994683265686,61.99989780783653,208.9998459815979,0.499163,pothole,1071.jpg
187.00008988380432,112.99996731802821,240.00016903877258,126.9999754615128,0.616267,pothole,1071.jpg
141.00002884864807,196.00002489984035,212.00002884864807,230.0000051409006,0.618135,pothole,1071.jpg
207.00006940960884,94.00006661191583,248.9999792277813,105.00006964430213,0.678007,pothole,1071.jpg
35.999945282936096,21.99994871020317,201.0000547170639,102.99990919232368,0.810004,pothole,1072.jpg
239.99976128339767,193.9999695494771,478.99984484910965,271.00011717528105,0.906891,pothole,1073.jpg
517.9996955394745,572.9997539520264,720.0000107288361,700.9999179840088,0.573904,pothole,1074.jpg
219.99960064888,336.00024551153183,464.999760389328,408.00024658441544,0.905958,pothole,1074.jpg
106.99994802474976,545.0000613927841,705.000250339508,717.0001369714737,0.604628,pothole,1075.jpg
0.9997236728668213,349.00021255016327,152.9996395111084,467.0002967119217,0.717881,pothole,1075.jpg
195.99984884262085,197.99964487552643,470.000159740448,344.999880194664,0.934715,pothole,1075.jpg
186.9999885559082,166.00009091198444,284.99999046325684,195.0001012533903,0.777418,pothole,1076.jpg
260.0000023841858,249.00015592575073,336.0000014305115,280.0000548362732,0.888055,pothole,1076.jpg
165.00025033950806,235.9997981786728,536.0003972053528,412.99955427646637,0.917574,pothole,1077.jpg
125.99999383091927,163.99980783462524,278.00009474158287,280.9998035430908,0.701853,pothole,1078.jpg
82.0000022649765,77.99989208579063,161.0000044107437,100.99990144371986,0.680235,pothole,1079.jpg
147.99999594688416,136.000058054924,259.9999964237213,184.9999576807022,0.900519,pothole,1079.jpg
239.9999350309372,195.00002712011337,453.9999932050705,474.00018721818924,0.438506,pothole,1080.jpg
66.99954986572266,424.9999694824219,613.9998550415039,940.0002746582031,0.855249,pothole,1081.jpg
202.0001220703125,48.99993896484375,515.0000610351562,242.99981689453125,0.860904,pothole,1081.jpg
5.000109493732452,392.99988225102425,359.0001098513603,550.9997902810574,0.577199,pothole,1082.jpg
10.000061988830566,135.0,192.99994468688965,240.0,0.616329,pothole,1083.jpg
74.999960064888,171.99992179870605,137.99995839595795,194.99991416931152,0.223821,pothole,1084.jpg
263.00003699958324,92.00007498264313,280.0000412017107,102.0000833272934,0.304106,pothole,1084.jpg
253.99999424815178,99.99992609024048,277.999999076128,107.99991846084595,0.352945,pothole,1084.jpg
188.99999916553497,60.99992483854294,249.00007903575897,74.99991685152054,0.669887,pothole,1084.jpg
128.00004452466965,71.99999839067459,174.00012522935867,80.99999874830246,0.700462,pothole,1084.jpg
39.999955892562866,195.00008583068848,142.00003743171692,218.00007820129395,0.719066,pothole,1084.jpg
187.99997627735138,142.00008183717728,279.9998539686203,166.00008219480515,0.742359,pothole,1084.jpg
103.99998337030411,92.00000077486038,169.0000233054161,108.99999350309372,0.809027,pothole,1084.jpg
0.0,126.00012212991714,105.0,152.00004190206528,0.852175,pothole,1084.jpg
0.00022798776626586914,58.99994373321533,438.00007849931717,278.9998412132263,0.841191,pothole,1085.jpg
0.0,372.99992752075195,482.9998725950718,537.9999046325684,0.608992,pothole,1086.jpg
239.00041222572327,322.9995596408844,525.0002610683441,451.9998013973236,0.886698,pothole,1087.jpg
226.99981212615967,253.99979710578918,439.99956607818604,383.0000388622284,0.941454,pothole,1088.jpg
-4.693865776062012e-05,0.0,80.00005558133125,153.0000016093254,0.229826,pothole,1089.jpg
96.99997678399086,330.00006079673767,290.0000296533108,450.0002145767212,0.846441,pothole,1089.jpg
110.0001060962677,41.999995708465576,280.00014185905457,218.99999856948853,0.731622,pothole,1092.jpg
188.9997661113739,157.00004696846008,362.99992203712463,292.0000523328781,0.897355,pothole,1093.jpg
187.0002007484436,264.99996542930603,429.00012731552124,394.00020718574524,0.913447,pothole,1094.jpg
179.0000095963478,198.0001486837864,316.0000368952751,271.0000477731228,0.819741,pothole,1095.jpg
0.0,13.0000501871109,350.0001132488251,236.0002487897873,0.526175,pothole,1096.jpg
0.0,10.99994033575058,333.9999841451645,230.99998623132706,0.712949,pothole,1097.jpg
282.0000022649765,217.00004786252975,362.0000034570694,294.000144302845,0.214284,pothole,1098.jpg
91.00000262260437,134.99985337257385,276.00000500679016,289.99995589256287,0.85236,pothole,1098.jpg
939.0000402927399,305.0004243850708,1073.0000436306,335.0003957748413,0.735048,pothole,1099.jpg
625.000786781311,492.0003153383732,1194.000792503357,589.0005134046078,0.837737,pothole,1099.jpg
1139.0007853507996,597.0001548528671,1380.0007939338684,731.0002595186234,0.845038,pothole,1099.jpg
180.9999942779541,619.0001964569092,884.9999904632568,891.0000085830688,0.875412,pothole,1099.jpg
821.999192237854,325.0000711530447,990.9991979598999,366.000110283494,0.885472,pothole,1099.jpg
763.9999866485596,392.0000731945038,1067.9999828338623,470.0001060962677,0.889645,pothole,1099.jpg
0.0001430511474609375,2.0000393986701965,268.00004839897156,182.99996012449265,0.450835,pothole,1100.jpg
88.99991512298584,89.00009997189045,208.99991512298584,111.00005976855755,0.895505,pothole,1101.jpg
13.000084161758423,106.00002184510231,127.00008273124695,149.9999414384365,0.912493,pothole,1101.jpg
69.99996900558472,114.00007233023643,307.0001184940338,316.0001166164875,0.210185,pothole,1102.jpg
26.000274181365967,54.00015413761139,364.0001596212387,292.0000523328781,0.309941,pothole,1103.jpg
227.00002267956734,268.99987533688545,446.00017592310905,444.9998192489147,0.558794,pothole,1104.jpg
956.9994181394577,555.9997953921556,1198.9998131990433,627.9999976605177,0.70062,pothole,1106.jpg
1.999819278717041,322.0004118680954,1021.0002064704895,612.0001307725906,0.922152,pothole,1106.jpg
316.0002228319645,84.9998988211155,352.0002153813839,108.99989828467369,0.595654,pothole,1107.jpg
117.99986058473587,113.00009787082672,300.9998742341995,209.0000957250595,0.928756,pothole,1107.jpg
0.0,81.00000640749931,131.99982407689095,229.00006499886513,0.886111,pothole,1108.jpg
321.0000123679638,121.99990904331207,442.0001404583454,243.99999940395355,0.927573,pothole,1108.jpg
404.0002763271332,212.00025290250778,493.0001986026764,280.0002220273018,0.271757,pothole,1109.jpg
243.0003583431244,192.99994826316833,422.0002806186676,410.00003457069397,0.504616,pothole,1109.jpg
-7.201731204986572e-05,32.00000135973096,66.00009225308895,59.0000173561275,0.745923,pothole,1110.jpg
160.00004598498344,68.99987803399563,264.00011828541756,106.99990977346897,0.794819,pothole,1110.jpg
4.999950528144836,72.99991138279438,251.99985802173615,164.9999349564314,0.869588,pothole,1111.jpg
1.0003266334533691,75.99916934967041,636.9999432563782,758.9998083114624,0.41547,pothole,1112.jpg
690.0002163648605,0.0,720.0002413988113,42.9999840259552,0.339445,pothole,1113.jpg
585.9997022151947,32.000035643577576,719.9996244907379,150.000119805336,0.419661,pothole,1113.jpg
108.00000429153442,238.00031304359436,481.9996762275696,445.00030875205994,0.795773,pothole,1113.jpg
5.000252187252045,97.0000809431076,311.0001366138458,139.00008022785187,0.724798,pothole,1114.jpg
69.00014686584473,115.9999430179596,448.00003814697266,221.99984192848206,0.931819,pothole,1115.jpg
15.99987655878067,2.9999927282333374,329.9998328089714,120.99991476535797,0.897759,pothole,1116.jpg
0.0,119.00003671646118,270.00008821487427,186.99995756149292,0.719499,pothole,1117.jpg
120.00000178813934,35.999994054436684,249.00000393390656,120.00008396804333,0.92925,pothole,1118.jpg
224.99969959259033,107.0000946521759,499.99988079071045,290.0000989437103,0.948403,pothole,1119.jpg
92.9998172223568,149.0000993013382,342.99992826581,242.00010001659393,0.92232,pothole,1120.jpg
83.99974803626537,180.99990338087082,270.99988128244877,279.9999073147774,0.924712,pothole,1121.jpg
57.99982286989689,123.99984207004309,132.9999726265669,157.99986217170954,0.449693,pothole,1122.jpg
428.99984258413315,411.00001192092896,573.9997091889381,572.0002727508545,0.263931,pothole,1123.jpg
111.00011897087097,244.00005054473877,287.0,358.0002250671387,0.868034,pothole,1123.jpg
22.000019550323486,92.99987733364105,253.99990558624268,138.99995863437653,0.508429,pothole,1124.jpg
24.000056982040405,42.00011730194092,254.00018095970154,95.00003814697266,0.841583,pothole,1124.jpg
149.99991595745087,152.00003743171692,258.999999165535,213.0001151561737,0.877735,pothole,1124.jpg
9.999949872493744,159.99979630112648,499.9999603629112,400.9999880492687,0.900557,pothole,1125.jpg
446.9993859529495,173.00079464912415,727.9997795820236,284.0007960796356,0.489513,pothole,1126.jpg
290.99999964237213,230.00000417232513,464.99999463558197,310.00000536441803,0.559225,pothole,1126.jpg
703.9997935295105,207.0007860660553,889.0001893043518,314.00079131126404,0.890704,pothole,1126.jpg
18.00001859664917,867.0000076293945,1016.9999957084656,1590.999984741211,0.908976,pothole,1126.jpg
422.00040221214294,338.9999806880951,830.0004065036774,504.999977350235,0.940831,pothole,1126.jpg
36.99989640712738,84.0000958442688,106.99995481967926,103.0000319480896,0.685976,pothole,1127.jpg
120.00004541873932,107.0000638961792,167.99999749660492,143.0000638961792,0.871656,pothole,1127.jpg
0.0,34.99987721443176,442.99980998039246,381.9998323917389,0.440892,pothole,1128.jpg
273.99977473914623,160.99983136355877,403.99987192451954,259.9998490959406,0.908139,pothole,1129.jpg
22.999955713748932,226.99979469180107,186.9997501373291,415.99978879094124,0.390196,pothole,1130.jpg
0.0,112.00000463426113,127.0000618994236,176.0001559406519,0.855578,pothole,1131.jpg
322.0001375824213,267.9998424053192,567.0002788156271,339.0,0.869354,pothole,1131.jpg
207.9999810308218,95.99988093227148,336.0002306252718,157.9999286904931,0.876073,pothole,1131.jpg
116.0002615749836,45.9999265819788,200.0001777112484,84.99984182417393,0.885297,pothole,1131.jpg
155.00013703107834,17.000051081180573,455.0003004670143,143.0000395178795,0.942497,pothole,1132.jpg
114.99984836578369,151.00005269050598,327.9998344182968,237.0001494884491,0.577384,pothole,1133.jpg
294.99998919665813,147.99999631941319,404.99988897144794,169.99998651444912,0.62653,pothole,1133.jpg
278.000064060092,231.99983596801758,419.0000140219927,294.9998359680176,0.59618,pothole,1134.jpg
0.0,379.0000820159912,91.99999809265137,662.9997539520264,0.359279,pothole,1135.jpg
336.9990539550781,158.99978399276733,994.9996948242188,712.0000863075256,0.865359,pothole,1135.jpg
208.00008416175842,313.00020933151245,399.00025248527527,426.99997186660767,0.409927,pothole,1136.jpg
579.0000909566879,260.99986588954926,895.0004267692566,404.99971783161163,0.908506,pothole,1138.jpg
363.00004061311483,213.00014770030975,450.00003430992365,270.00020706653595,0.924102,pothole,1138.jpg
266.00003242492676,223.00020396709442,426.99995040893555,345.99996864795685,0.94655,pothole,1139.jpg
60.99977648258209,91.99995696544647,443.9997886419296,296.9998508691788,0.952843,pothole,1140.jpg
540.0000883042812,186.00025648251176,658.0001291334629,254.00021919235587,0.279286,pothole,1141.jpg
692.0003126636147,243.00027223862708,868.9999318346381,307.0003314372152,0.82681,pothole,1141.jpg
258.9996800124645,528.00012396276,763.9994219839573,1073.9999931007624,0.864546,pothole,1141.jpg
541.0002176165581,94.99953506141901,724.0006528496742,179.99954975396395,0.913271,pothole,1141.jpg
391.0002451837063,256.99944408610463,546.000435501337,354.9994846396148,0.927616,pothole,1141.jpg
357.000008225441,53.999997675418854,450.0000089406967,135.00000089406967,0.915139,pothole,1142.jpg
187.99991369247437,77.00014352798462,500.9997582435608,208.00010442733765,0.951472,pothole,1143.jpg
306.99968338012695,6.99987405538559,488.99967670440674,227.9997702240944,0.926551,pothole,1144.jpg
674.0003326535225,429.00049209594727,720.0003406405449,623.0001640319824,0.292591,pothole,1145.jpg
259.0001964569092,271.0004371404648,503.0002784729004,439.0002018213272,0.937368,pothole,1145.jpg
34.99996645748615,167.99985319375992,138.99986366927624,220.99995464086533,0.814524,pothole,1146.jpg
67.99992859363556,216.00000634789467,275.00012719631195,258.0000065267086,0.834291,pothole,1146.jpg
257.99994491040707,136.99990063905716,348.99985648691654,155.99989145994186,0.841123,pothole,1146.jpg
116.00008688867092,148.99995177984238,224.99997670948505,184.00005251169205,0.881752,pothole,1146.jpg
243.99995711445808,183.99990051984787,398.99980077147484,249.99990016222,0.92924,pothole,1146.jpg
280.00017642974854,72.99995648860931,491.0000638961792,204.9998198747635,0.812195,pothole,1147.jpg
-0.00024390220642089844,26.000032782554626,205.99995875358582,183.00006473064423,0.886461,pothole,1147.jpg
177.99984455108643,212.9997593164444,497.0001554489136,376.9999212026596,0.947673,pothole,1148.jpg
87.00007796287537,50.999853014945984,353.9999306201935,295.9999591112137,0.378422,pothole,1149.jpg
488.99955824017525,164.0004317611456,765.9996502101421,276.0003566890955,0.679905,pothole,1150.jpg
766.9999852776527,204.9999874010682,953.9997920393944,309.99975391477346,0.83185,pothole,1150.jpg
314.00006264448166,224.99985910579562,503.00055891275406,309.99984757974744,0.866773,pothole,1150.jpg
457.0000037550926,341.000192463398,904.9995198845863,517.0003218054771,0.937111,pothole,1150.jpg
75.00003737211227,0.0,136.0000964999199,9.999986447393894,0.257224,pothole,1151.jpg
89.00015160441399,165.9998556226492,183.00005534291267,230.99991573393345,0.32904,pothole,1151.jpg
3.999879464507103,109.99999412894249,42.9999573379755,141.00004103779793,0.813244,pothole,1151.jpg
434.99985337257385,58.99985684081912,449.9998390674591,78.99983720853925,0.22947,pothole,1152.jpg
-0.00021457672119140625,241.00018814206123,443.99992525577545,449.99999329447746,0.662502,pothole,1152.jpg
0.0,138.99995505809784,143.99993738532066,173.00003349781036,0.208806,pothole,1153.jpg
171.00019998848438,116.00003600120544,263.0000386685133,144.00011658668518,0.773014,pothole,1153.jpg
256.9997191429138,62.000106275081635,439.9998664855957,177.0003005862236,0.816957,pothole,1155.jpg
123.00007045269012,4.0000587701797485,306.000217795372,238.9999508857727,0.626155,pothole,1156.jpg
246.99972367286682,393.00006403028965,793.0001142024994,548.9999515861273,0.785782,pothole,1157.jpg
57.00009982287884,99.00015592575073,256.99996764957905,208.00005197525024,0.260909,pothole,1158.jpg
196.99975590407848,175.00005662441254,357.99976332485676,298.99995625019073,0.738695,pothole,1159.jpg
179.99997854232788,295.99991261959076,571.9996762275696,399.999595284462,0.889446,pothole,1160.jpg
704.9993402324617,873.999991454184,877.9994049109519,964.9999951943755,0.312808,pothole,1161.jpg
1121.9990719109774,2080.9999480843544,1696.9996970146894,2499.999962747097,0.443388,pothole,1161.jpg
321.99935987591743,1437.9999600350857,1377.9993541538715,1989.9999536573887,0.914333,pothole,1161.jpg
256.00010520219803,130.99999371170998,382.9998261332512,210.00018873810768,0.804217,pothole,1162.jpg
169.9999386817217,208.99969173967838,327.999801620841,375.99987100064754,0.863793,pothole,1162.jpg
670.0001960992813,169.99956607818604,720.0001662969589,370.9998035430908,0.204653,pothole,1163.jpg
-7.510185241699219e-05,186.99983596801758,128.00008893013,281.9995164871216,0.495619,pothole,1163.jpg
253.99980247020721,331.9999212026596,430.9995585680008,471.0002428293228,0.921099,pothole,1163.jpg
112.0000496506691,96.99997007846832,283.9999482035637,307.0001184940338,0.788628,pothole,1164.jpg
150.99975436925888,160.999979801476,407.9996755719185,233.00007539242506,0.723516,pothole,1165.jpg
408.99975776672363,206.9999179393053,563.9997577667236,265.99976448714733,0.898553,pothole,1165.jpg
0.0,181.00013136863708,197.0000982284546,329.000186920166,0.745071,pothole,1166.jpg
137.00000047683716,80.99989090114832,347.9999899864197,127.99991425126791,0.762961,pothole,1167.jpg
63.99999558925629,104.99996356666088,142.9999977350235,147.00003750622272,0.836616,pothole,1167.jpg
157.00005367398262,160.00009775161743,241.99986144900322,186.00010871887207,0.858563,pothole,1168.jpg
103.00005152821541,223.0000577867031,203.9998523890972,264.00015726685524,0.895725,pothole,1169.jpg
-6.973743438720703e-05,0.0,101.0000878572464,157.99968481063843,0.584186,pothole,1170.jpg
198.99971723556519,383.9997732639313,390.9999632835388,577.0000970363617,0.881468,pothole,1170.jpg
0.0,298.0002216696739,864.0001806020737,492.00025659799576,0.717634,pothole,1171.jpg
150.00000298023224,142.0000523328781,245.00000178813934,190.9999519586563,0.892548,pothole,1172.jpg
119.99994027614594,109.99990738928318,289.99977058172226,131.99989758431911,0.514492,pothole,1173.jpg
101.00019988417625,192.0001432299614,506.0002110302448,283.0000475049019,0.857208,pothole,1173.jpg
148.99987989664078,139.9999536573887,397.99984616041183,190.0000534951687,0.911235,pothole,1173.jpg
0.0,318.00011663138866,48.99996234476566,479.0003627091646,0.242195,pothole,1174.jpg
414.99974673986435,169.00002180226147,539.9997144341469,193.00001324526966,0.837769,pothole,1174.jpg
381.9999310076237,223.99973150342703,610.0003267228603,287.99994603544474,0.894172,pothole,1174.jpg
1.3560056686401367e-05,57.99995720386505,19.0000019967556,101.99987590312958,0.537852,pothole,1175.jpg
229.9997228384018,163.99991941452026,789.999805688858,502.99967753887177,0.837108,pothole,1176.jpg
49.99972239136696,150.99996826052666,867.0002089440823,553.0000164806843,0.616583,pothole,1177.jpg
0.0,205.99995106458664,130.00013235211372,299.9998524785042,0.335051,pothole,1178.jpg
235.99992721527815,147.99999743700027,276.9999157860875,166.99998825788498,0.57916,pothole,1178.jpg
8.999752342700958,207.0001557469368,130.9998948276043,247.00005501508713,0.705918,pothole,1178.jpg
283.9999744221568,112.00009323656559,333.99985034018755,132.0001032203436,0.753965,pothole,1178.jpg
-0.00021457672119140625,201.9998162984848,444.99982595443726,449.99975860118866,0.465611,pothole,1179.jpg
44.999997317790985,108.99989157915115,286.00020557641983,360.99989265203476,0.504361,pothole,1180.jpg
9.000092446804047,142.00010553002357,390.00021904706955,284.9999915063381,0.858427,pothole,1181.jpg
67.00003001093864,141.00011209771037,129.99997594952583,171.00008125975728,0.729362,pothole,1182.jpg
262.99977583810687,105.99990114569664,318.99980979040265,138.9999009668827,0.939568,pothole,1183.jpg
214.00019645690918,214.00019645690918,422.00026988983154,406.0004425048828,0.891818,pothole,1184.jpg
238.00004053115845,247.99972727894783,379.999794960022,398.9999072253704,0.58021,pothole,1185.jpg
0.0,67.00007736682892,98.99988394975662,100.00003755092621,0.541146,pothole,1186.jpg
57.0000758767128,115.00006809830666,227.0001408457756,174.99998077750206,0.864725,pothole,1186.jpg
126.99997532367706,87.99992945045233,202.00000631809235,110.99999997764826,0.92772,pothole,1186.jpg
683.9999705553055,118.99998360872269,824.9999731779099,174.99999430775642,0.226944,pothole,1187.jpg
1087.9999920725822,150.00023050233722,1273.999996483326,217.0002675242722,0.374084,pothole,1187.jpg
603.0000001192093,161.00054375454783,776.9999951124191,250.00051169469953,0.547089,pothole,1187.jpg
1062.9999786615372,599.9996177852154,1430.999979376793,774.9994381964207,0.842093,pothole,1187.jpg
179.00000512599945,331.9992392845452,509.0000182390213,452.9996331743896,0.901463,pothole,1187.jpg
699.0000009536743,48.99999197199941,1258.0000162124634,163.000023689121,0.903532,pothole,1187.jpg
1030.9999883174896,440.99994948506355,1564.9999678134918,614.9996560513973,0.920212,pothole,1187.jpg
791.00002348423,299.00057757273316,1174.000009894371,424.0002791248262,0.936071,pothole,1187.jpg
311.0000193119049,634.0001670867205,807.0000112056732,866.9998780936003,0.938195,pothole,1187.jpg
228.99996757507324,156.99960708618164,482.0000410079956,338.9997625350952,0.914078,pothole,1188.jpg
212.00005173683167,72.00036317110062,395.000284910202,159.00012463331223,0.629731,pothole,1190.jpg
0.0,10.999977886676788,80.99999785423279,65.9999880194664,0.737782,pothole,1190.jpg
196.99991583824158,343.99980783462524,543.9995920658112,540.9997344017029,0.774472,pothole,1190.jpg
300.99960923194885,306.99971079826355,493.9999330043793,534.9999439716339,0.209758,pothole,1192.jpg
188.00028920173645,219.00023102760315,374.00004744529724,376.9999158382416,0.380236,pothole,1192.jpg
420.000125169754,124.99985039234161,511.0002028942108,167.9998344182968,0.817868,pothole,1193.jpg
259.9999415874481,315.99970757961273,471.9996178150177,435.99994719028473,0.945176,pothole,1193.jpg
270.000364780426,269.999635219574,474.00012731552124,378.9997172355652,0.912286,pothole,1194.jpg
76.00004822015762,60.00000014901161,114.00014609098434,77.00000032782555,0.637722,pothole,1195.jpg
112.0000496506691,42.99999922513962,183.00015181303024,71.99999839067459,0.863724,pothole,1195.jpg
178.99994775652885,51.99999809265137,221.9998486340046,76.99999809265137,0.890407,pothole,1195.jpg
3.000149130821228,216.99999570846558,256.00005090236664,396.999990940094,0.90375,pothole,1195.jpg
104.9999937415123,83.99999588727951,206.9999948143959,125.99999457597733,0.944194,pothole,1195.jpg
4.0000081062316895,133.00005197525024,387.00000047683716,274.9999523162842,0.852229,pothole,1196.jpg
45.00022530555725,131.99984282255173,258.00007581710815,238.99994641542435,0.908043,pothole,1197.jpg
2.0002439618110657,69.00008171796799,400.00004321336746,406.00014477968216,0.559792,pothole,1198.jpg
300.9998291730881,4.000045359134674,448.999884724617,228.00014466047287,0.787715,pothole,1199.jpg
64.00004625320435,54.00000810623169,217.99995303153992,160.0000023841858,0.689494,pothole,1200.jpg
0.0,227.99999937415123,31.00000023841858,299.9999977648258,0.230149,pothole,1201.jpg
314.00000751018524,187.00005188584328,395.0000077486038,220.99995240569115,0.239065,pothole,1201.jpg
21.000000834465027,130.9999991208315,46.00000083446503,142.00000874698162,0.247168,pothole,1201.jpg
0.0,76.00009627640247,7.999999821186066,87.0001059025526,0.433143,pothole,1201.jpg
124.00000393390656,106.00000619888306,167.0000046491623,115.99999666213989,0.543544,pothole,1201.jpg
4.0000006556510925,111.99989654123783,39.000000059604645,123.99989627301693,0.614406,pothole,1201.jpg
202.99999713897705,157.99999460577965,304.9999952316284,181.00000396370888,0.742448,pothole,1201.jpg
134.00000482797623,121.00009638816118,182.00000375509262,135.00010650604963,0.775277,pothole,1201.jpg
163.99999260902405,204.00015637278557,253.99999022483826,250.00005438923836,0.891014,pothole,1201.jpg
6.999999284744263,173.00010435283184,107.99999833106995,209.00010354816914,0.913203,pothole,1201.jpg
60.99989712238312,109.99999046325684,273.9998906850815,400.0,0.414426,pothole,1202.jpg
155.0000175833702,249.9999850988388,311.0001638531685,370.0001388788223,0.837125,pothole,1203.jpg
1146.000862121582,985.0001177787781,1704.0005493164062,1318.0003094673157,0.687987,pothole,1204.jpg
103.99969339370728,141.9998386502266,288.0000042915344,229.999677836895,0.922171,pothole,1205.jpg
172.00008630752563,258.00010800361633,451.0000777244568,479.999874830246,0.927748,pothole,1205.jpg
473.00010657310486,81.00027680397034,544.0002634525299,276.0002088546753,0.4237,pothole,1206.jpg
160.00020122528076,59.999932050704956,448.0003137588501,219.99977231025696,0.63802,pothole,1206.jpg
5.999994277954102,73.9999383687973,378.99999618530273,227.99984514713287,0.946213,pothole,1207.jpg
-0.0003445148468017578,207.99976021051407,262.9998576641083,309.99986976385117,0.666491,pothole,1208.jpg
287.0001196861267,61.99993979930878,637.0002102851868,229.00002920627594,0.741529,pothole,1208.jpg
82.00009149312973,167.999895170331,352.00020307302475,228.9999965876341,0.331873,pothole,1209.jpg
32.00000278651714,143.00007840245962,179.99987818300724,186.00009635835886,0.893958,pothole,1209.jpg
-0.0003054700791835785,1025.9987771064043,370.0004410780966,1514.9997106045485,0.327833,pothole,1210.jpg
2807.998890619725,1159.9998128712177,3036.9990157075226,1612.9998845756054,0.328949,pothole,1210.jpg
1408.0018330812454,1362.9992774054408,2188.0006279945374,1759.9985340312123,0.571004,pothole,1210.jpg
2038.0001565515995,1116.0008440092206,3028.001439779997,1635.9997345134616,0.649802,pothole,1210.jpg
27.000043869018555,142.99990057945251,232.0001106262207,310.0,0.875865,pothole,1211.jpg
76.0000684261322,8.999949842691422,178.0000298023224,52.00005203485489,0.926488,pothole,1211.jpg
107.99999088048935,55.99994659423828,268.0001959204674,263.99985551834106,0.941829,pothole,1212.jpg
21.000237464904785,124.999920129776,156.00023746490479,214.999920129776,0.581897,pothole,1213.jpg
272.0001769065857,415.9997820854187,499.00033235549927,612.9997086524963,0.897075,pothole,1213.jpg
3.0001918375492096,42.9999361038208,278.0001257956028,224.00000667572021,0.547476,pothole,1215.jpg
178.0001986026764,203.99987146258354,451.00043177604675,314.0000963509083,0.944981,pothole,1216.jpg
210.99972550570965,127.99998790025711,297.9999156743288,159.00000721216202,0.728279,pothole,1217.jpg
354.000006750226,223.99987190961838,410.0000149458647,252.99986869096756,0.742952,pothole,1217.jpg
162.00023518502712,315.0002028606832,222.0002472549677,340.0001988746226,0.755068,pothole,1217.jpg
292.9999960139394,330.9998111054301,355.0002264305949,362.9998202994466,0.886173,pothole,1217.jpg
228.99989488720894,269.00019098073244,329.9996381700039,316.00013088434935,0.886539,pothole,1217.jpg
125.00038352608681,214.99991562217474,226.00012680888176,249.99993417412043,0.904958,pothole,1217.jpg
241.99955105781555,262.0000755786896,460.99979281425476,415.000079870224,0.938693,pothole,1218.jpg
3.9999961853027344,183.00020915269852,274.0000009536743,498.00001138448715,0.903457,pothole,1219.jpg
0.00010923296213150024,293.0002405717969,106.9998884126544,402.00021540373564,0.663182,pothole,1220.jpg
16.000039726495743,272.99984081089497,338.00013729929924,430.000068590045,0.753139,pothole,1220.jpg
243.99993726611137,120.99987477064133,444.9997492134571,319.00006395578384,0.611261,pothole,1221.jpg
148.99967193603516,112.0003205537796,411.9998359680176,211.0003226995468,0.48557,pothole,1222.jpg
296.9999849796295,210.99996328353882,544.999669790268,371.9998812675476,0.905306,pothole,1222.jpg
9.999725818634033,231.00012302398682,719.999635219574,529.0001964569092,0.365514,pothole,1223.jpg
139.000041782856,185.99999696016312,178.99994105100632,219.99999731779099,0.904315,pothole,1224.jpg
76.00004240870476,195.99996149539948,314.99999061226845,239.999880194664,0.21624,pothole,1225.jpg
93.00013527274132,81.99996829032898,307.00010374188423,161.9998848438263,0.88792,pothole,1225.jpg
113.00000953674316,144.00014877319336,398.99980032444,211.0000491142273,0.934066,pothole,1226.jpg
564.9998295307159,447.00011014938354,719.9999892711639,648.0003476142883,0.600451,pothole,1227.jpg
297.99971401691437,294.0001219511032,442.99979388713837,414.0003615617752,0.924007,pothole,1227.jpg
259.00032341480255,280.00006227195263,403.0002487897873,369.9998163729906,0.896281,pothole,1228.jpg
11.99999052286148,112.99994587898254,390.99984151124954,251.99984908103943,0.873799,pothole,1229.jpg
364.00033086538315,278.9998126477003,629.0000334382057,421.99988789856434,0.811871,pothole,1230.jpg
85.99954843521118,123.00009462982416,170.9998458623886,175.00007834285498,0.857601,pothole,1230.jpg
23.99992346763611,62.000207144767046,113.00002038478851,97.00022281333804,0.91684,pothole,1230.jpg
156.00024312734604,125.99987408518791,375.0001445412636,256.9999129474163,0.936345,pothole,1230.jpg
147.9998141527176,138.00015673041344,377.99977362155914,301.9999511539936,0.742435,pothole,675.jpg
209.99976485967636,167.0000933110714,329.0000084042549,239.000091701746,0.329903,pothole,676.jpg
106.00027590990067,146.9998575747013,220.00018388032913,196.9999574124813,0.790336,pothole,676.jpg
54.99993744492531,89.99984934926033,352.0001243054867,139.99994918704033,0.682391,pothole,677.jpg
184.00031089782715,161.00028812885284,362.0001554489136,306.00036799907684,0.843864,pothole,678.jpg
266.9997560977936,379.0004414319992,473.99975180625916,511.0001975297928,0.927858,pothole,678.jpg
67.99999475479126,88.00005465745926,347.9999899864197,187.9999503493309,0.926934,pothole,680.jpg
416.00014351308346,124.99994896352291,533.0000758320093,161.999848857522,0.862467,pothole,681.jpg
250.00009953975677,181.99995383620262,395.0003196001053,245.99985256791115,0.913768,pothole,681.jpg
7.845461368560791e-05,154.00014685839415,79.99999813735485,187.0001280978322,0.229752,pothole,682.jpg
367.0001582801342,112.00009134411812,480.0003142654896,168.00024822354317,0.889988,pothole,682.jpg
495.9997234493494,60.00017299130559,569.9997248500586,94.00015376135707,0.893636,pothole,682.jpg
132.00018972158432,281.99998538196087,368.00010591745377,426.9999336749315,0.927468,pothole,682.jpg
564.0004661679268,124.99998057633638,710.0000855326653,186.99995147436857,0.946425,pothole,682.jpg
9.999901056289673,170.00000050663948,261.99989318847656,344.0000114142895,0.584941,pothole,683.jpg
52.999886870384216,27.000001072883606,391.99972450733185,221.99999392032623,0.787177,pothole,684.jpg
29.000258445739746,141.00000858306885,444.0001666545868,297.00000286102295,0.894972,pothole,685.jpg
65.99988886713982,238.999680519104,466.0000847876072,326.9998083114624,0.273041,pothole,686.jpg
21.000060439109802,166.0000041127205,82.00002014636993,199.00000542402267,0.21794,pothole,687.jpg
72.0000609755516,184.00000035762787,142.0000210404396,215.99999964237213,0.391481,pothole,687.jpg
148.99997189641,207.99999088048935,205.0000123679638,234.99999195337296,0.543003,pothole,687.jpg
784.0002134442329,374.00001287460327,916.9998094439507,427.0000100135803,0.58224,pothole,687.jpg
342.9996035993099,241.00000262260437,414.9996019899845,278.0000030994415,0.864356,pothole,687.jpg
76.00002139806747,278.0000016093254,166.99997931718826,318.00000220537186,0.868365,pothole,687.jpg
578.9999976754189,317.999991774559,701.9999966025352,376.99998915195465,0.914342,pothole,687.jpg
457.9997956752777,364.000004529953,679.0001928806305,453.0000030994415,0.92134,pothole,687.jpg
192.0000046491623,488.0000025033951,321.0000067949295,558.0000013113022,0.922471,pothole,687.jpg
782.0003896951675,498.9999771118164,950.0003904104233,573.9999771118164,0.932746,pothole,687.jpg
263.00002187490463,231.99997544288635,447.0000699162483,415.00012278556824,0.862883,pothole,688.jpg
175.00000596046448,34.99999400228262,214.000004529953,52.0000034943223,0.314657,pothole,689.jpg
278.99999618530273,0.0001519918441772461,400.0,97.00005054473877,0.546789,pothole,689.jpg
74.00000095367432,79.00005429983139,300.0,192.0001521706581,0.58901,pothole,689.jpg
50.999999046325684,188.99999856948853,177.99999713897705,300.0,0.718362,pothole,689.jpg
189.99999463558197,2.000010386109352,248.9999920129776,26.00000984966755,0.825416,pothole,689.jpg
99.9999064207077,45.999979108572006,208.99998128414154,132.00003948807716,0.904577,pothole,690.jpg
0.0,211.0000282563269,26.000015661120415,269.00001483783126,0.322318,pothole,692.jpg
200.0002259016037,363.00024200975895,357.0004230737686,493.00016532838345,0.86383,pothole,692.jpg
329.00026202201843,499.0002217441797,543.0003368854523,640.0003535598516,0.904194,pothole,692.jpg
130.99996483325958,129.00002896785736,815.999791264534,427.0000630617142,0.795204,pothole,693.jpg
-3.6209821701049805e-05,2.999989092350006,27.999972850084305,51.000013053417206,0.242574,pothole,694.jpg
0.0,7.999913692474365,49.99997019767761,181.0000777244568,0.269904,pothole,694.jpg
245.99987268447876,213.99983167648315,449.999635219574,485.99998712539673,0.603226,pothole,694.jpg
259.00020718574524,293.00002813339233,433.00044894218445,494.0002655982971,0.730045,pothole,695.jpg
0.9999006986618042,107.00009018182755,155.99970370531082,448.0001851916313,0.403424,pothole,696.jpg
334.99980568885803,314.00010734796524,450.0,449.00011271238327,0.644525,pothole,697.jpg
165.9998104274273,180.00012066960335,343.9999454319477,295.0000736415386,0.914869,pothole,698.jpg
553.0003184080124,272.99987375736237,704.0001565217972,375.00010907649994,0.297437,pothole,699.jpg
264.99995470046997,195.00011444091797,455.00004529953003,403.00018787384033,0.928587,pothole,699.jpg
78.00002038478851,133.0000787973404,183.99990141391754,151.00007951259613,0.267547,pothole,700.jpg
84.999880194664,113.99991989135742,182.99987852573395,135.99992752075195,0.319288,pothole,700.jpg
194.00009900331497,148.99991780519485,262.0000573992729,172.99991816282272,0.725003,pothole,700.jpg
0.0,160.0000038743019,36.99999041855335,178.99999469518661,0.238601,pothole,701.jpg
71.00010104477406,197.99999669194221,134.00010131299496,221.9999961555004,0.246343,pothole,701.jpg
30.99982514977455,142.99999382346869,87.99997195601463,160.00000331550837,0.61857,pothole,701.jpg
274.9999400228262,112.00000271201134,339.9997416883707,136.9999922811985,0.833856,pothole,701.jpg
0.0,224.99985694885254,90.00000134110451,271.99995517730713,0.858421,pothole,701.jpg
99.00024890899658,98.99985194206238,397.00007915496826,256.99995160102844,0.598414,pothole,702.jpg
573.0001240968704,64.99979764223099,718.0002039670944,151.9995591044426,0.835554,pothole,703.jpg
158.00004959106445,292.0003151893616,507.9999589920044,481.0003066062927,0.947793,pothole,703.jpg
178.00005823373795,121.99992299079895,243.00009816884995,157.99992442131042,0.847645,pothole,704.jpg
82.00010508298874,110.99993246793747,508.0001387000084,350.9999050498009,0.92358,pothole,705.jpg
301.9998863786459,127.99992799758911,323.99987567961216,205.99992513656616,0.21576,pothole,706.jpg
187.9998638033867,183.00000607967377,323.99983102083206,240.00000536441803,0.335637,pothole,706.jpg
24.999840259552002,197.0000445842743,176.9999041557312,240.00012516975403,0.882102,pothole,706.jpg
-0.00035941600799560547,16.000192165374756,171.99971616268158,206.00028276443481,0.694879,pothole,707.jpg
298.00007343292236,222.00048565864563,482.0003843307495,434.0001618862152,0.801465,pothole,707.jpg
66.99994327127934,133.9999222755432,241.99997685849667,220.99992513656616,0.354262,pothole,709.jpg
0.0,78.99995684623718,54.99996720254421,125.99987626075745,0.437034,pothole,709.jpg
164.99982237815857,68.00014570355415,412.00000166893005,310.0000878274441,0.378221,pothole,710.jpg
472.0000044107437,151.99994891881943,533.0002541542053,190.00004678964615,0.219971,pothole,711.jpg
89.00007305294275,132.99989886581898,176.99997385591269,153.99989895522594,0.778039,pothole,711.jpg
28.00008937716484,158.00010412931442,167.0000900030136,185.00010520219803,0.815028,pothole,711.jpg
246.00001710653305,144.9998952448368,414.0000132918358,186.99989542365074,0.87311,pothole,711.jpg
233.00014466792345,118.99990551173687,321.9999516531825,146.99989445507526,0.905911,pothole,711.jpg
243.00031185150146,196.00019048899412,351.0003137588501,238.00018060952425,0.763152,pothole,712.jpg
38.00000190734863,193.99979833513498,98.00000190734863,227.99978848546743,0.838822,pothole,712.jpg
157.0001089721918,114.99989479780197,307.0001786798239,159.99989658594131,0.929315,pothole,713.jpg
263.0001425743103,258.9998424053192,490.0002980232239,461.0001575946808,0.898915,pothole,714.jpg
117.99972748756409,171.00002433359623,308.99995589256287,378.9998963922262,0.907832,pothole,715.jpg
291.00009210407734,160.00005304813385,410.00004582107067,241.99995696544647,0.761114,pothole,716.jpg
346.99986396729946,95.99989056587219,417.9998903423548,121.99990153312683,0.814369,pothole,716.jpg
145.99997837096453,131.00010752677917,250.99999248236418,170.0001060962677,0.876212,pothole,716.jpg
267.0002100020647,150.00019598007202,419.0002688616514,273.0003876686096,0.509757,pothole,717.jpg
157.00004696846008,174.00000393390656,319.0000534057617,231.00000321865082,0.889228,pothole,718.jpg
31.000317335128784,670.0001960992813,234.0000021457672,720.0001662969589,0.382382,pothole,719.jpg
232.9999029636383,288.00002574920654,491.99973464012146,472.0003366470337,0.925825,pothole,719.jpg
48.00024390220642,260.99964916706085,183.00024390220642,362.9998844861984,0.728161,pothole,720.jpg
254.0001618862152,277.9995596408844,461.0001575946808,406.9998013973236,0.937851,pothole,720.jpg
295.9999394416809,290.00017046928406,433.0000948905945,400.00033020973206,0.899867,pothole,721.jpg
0.0,168.99996176362038,169.00019645690918,362.0000146329403,0.567018,pothole,723.jpg
133.00020396709442,150.00013491511345,304.9998074769974,208.00012108683586,0.697106,pothole,724.jpg
184.00018215179443,318.999764919281,1092.0006036758423,666.9996819496155,0.865424,pothole,724.jpg
138.00010120868683,177.99979948997498,384.9999099969864,338.9998083114624,0.786113,pothole,725.jpg
-0.001621246337890625,166.00077867507935,3160.9999656677246,1679.9999499320984,0.615927,pothole,726.jpg
611.0006618499756,181.99999451637268,1224.0009784698486,683.0001175403595,0.496602,pothole,727.jpg
227.00039148330688,231.00002378225327,602.0003914833069,276.00003987550735,0.614309,pothole,728.jpg
206.0004472732544,404.99959096312523,1067.000412940979,592.9997862875462,0.726875,pothole,728.jpg
316.0001814365387,293.00009049475193,844.9997842311859,399.99992452561855,0.852477,pothole,728.jpg
908.9996337890625,404.0009263455868,1827.9986572265625,1223.000515729189,0.94249,pothole,729.jpg
339.999840259552,263.00029814243317,425.000159740448,321.00033223629,0.839363,pothole,730.jpg
244.00007128715515,309.00024712085724,403.99991154670715,473.00040900707245,0.856374,pothole,730.jpg
31.000092029571533,7.000000476837158,165.00004649162292,48.999998569488525,0.290967,pothole,731.jpg
9.999886751174927,156.00016117095947,189.99991357326508,253.00015926361084,0.672533,pothole,731.jpg
14.000068008899689,47.99999952316284,156.99999064207077,82.00000047683716,0.784539,pothole,731.jpg
1.000062134116888,82.9999190568924,32.999966349452734,115.99991977214813,0.653524,pothole,732.jpg
124.00007240474224,110.00004529953003,230.00009424984455,207.99996614456177,0.88884,pothole,732.jpg
89.00010108947754,35.00003635883331,280.0001335144043,90.99995791912079,0.418969,pothole,733.jpg
276.9998413324356,292.9996848106384,441.0000032186508,420.99984884262085,0.790601,pothole,734.jpg
123.00007045269012,120.99981978535652,388.00012171268463,339.99997302889824,0.661097,pothole,735.jpg
106.9999212026596,285.9997656941414,228.0002385377884,355.9997507929802,0.360807,pothole,736.jpg
294.9998188018799,300.99995255470276,429.9998188018799,392.00003027915955,0.854229,pothole,736.jpg
857.9999566078186,723.9999890327454,1129.9999594688416,799.999988079071,0.571913,pothole,737.jpg
0.0,688.0000054836273,494.0000057220459,800.0000059604645,0.790455,pothole,737.jpg
590.9992158412933,644.0000176429749,777.9992163181305,720.0000166893005,0.857291,pothole,737.jpg
1292.0000076293945,180.99999129772186,1550.0,259.9999934434891,0.861314,pothole,737.jpg
461.9992256164551,351.9999921321869,848.9992141723633,467.9999887943268,0.899728,pothole,737.jpg
1119.9992179870605,619.0000116825104,1544.9992179870605,753.0000150203705,0.901106,pothole,737.jpg
253.00021108984947,82.99958038330078,411.00004997849464,141.99983596801758,0.841873,pothole,738.jpg
561.9999665021896,461.0001575946808,680.0000506639481,571.0003173351288,0.810203,pothole,739.jpg
228.99996757507324,249.0001219511032,443.9998769760132,376.0001975297928,0.936775,pothole,739.jpg
262.00008630752563,216.9997215270996,489.0002417564392,476.99963092803955,0.855825,pothole,740.jpg
222.99974262714386,263.99968788027763,445.99994122982025,441.99988916516304,0.464534,pothole,741.jpg
561.9997194856405,134.0001542121172,646.9999903589487,162.00014285743237,0.376326,pothole,742.jpg
379.9999554287642,171.99996491894126,404.9999703038484,183.99997714534402,0.384844,pothole,742.jpg
610.9998167548329,172.99982503056526,646.9998035635799,205.99983927607536,0.435374,pothole,742.jpg
624.9997114650905,274.00010345876217,646.9997179992497,298.0000872761011,0.605389,pothole,742.jpg
297.0002352371812,158.9998201727867,337.0002339705825,187.9998295903206,0.845223,pothole,742.jpg
585.0002767331898,291.00018417835236,647.0002820007503,356.00014674663544,0.859232,pothole,742.jpg
452.0003520473838,148.00000254809856,543.0002587810159,179.00001437962055,0.860419,pothole,742.jpg
488.0003894716501,306.0001104772091,571.0001422017813,363.99996677041054,0.863643,pothole,742.jpg
137.99986788630486,159.00005420297384,186.9998940527439,179.00007382780313,0.881796,pothole,742.jpg
437.000050034374,170.99998515844345,487.0000797845423,200.99997621774673,0.893415,pothole,742.jpg
481.99978468567133,243.00015032291412,588.9999994263053,297.00000178813934,0.910669,pothole,742.jpg
343.99954079836607,191.99998793005943,433.99982476979494,252.0000483095646,0.913506,pothole,742.jpg
510.00001518428326,207.0000978410244,646.0000590831041,256.0000471174717,0.913726,pothole,742.jpg
42.00032405555248,196.00000178813934,316.00029368698597,321.9999281167984,0.931022,pothole,742.jpg
367.9996894747019,257.0001672208309,464.9998683780432,326.0001346170902,0.941402,pothole,742.jpg
158.00006467849016,0.9999605119228363,205.00000458210707,39.99995046854019,0.29966,pothole,743.jpg
25.999944657087326,60.999981343746185,139.00004461407661,104.9999720454216,0.319419,pothole,743.jpg
18.999908566474915,56.000045999884605,195.9999841451645,121.00007154047489,0.324186,pothole,743.jpg
-4.123896360397339e-05,10.999963983893394,34.00003019720316,34.99994774162769,0.425623,pothole,743.jpg
50.000013411045074,6.73830509185791e-05,106.00006997585297,34.00005263090134,0.612482,pothole,743.jpg
49.9999126046896,32.9999593347311,124.99998159706593,55.00002206861973,0.938846,pothole,743.jpg
70.99994790554047,319.00004482269287,347.0000827908516,505.0002450942993,0.735045,pothole,745.jpg
257.00003027915955,322.9999190568924,435.99995255470276,448.9999169111252,0.911751,pothole,746.jpg
10.99979281425476,339.9999763816595,450.0,444.9998293071985,0.273962,pothole,747.jpg
2.999902904033661,82.00004260241985,114.999984562397,102.9999967366457,0.835119,pothole,748.jpg
80.99992829561234,99.0000389367342,182.99990862607956,131.00006441771984,0.874642,pothole,748.jpg
0.9998545572161674,259.00004133582115,62.000104300677776,300.0001408159733,0.802764,pothole,749.jpg
88.00016289949417,167.99999177455902,451.0003543496132,299.9999910593033,0.89247,pothole,749.jpg
247.9998294711113,143.999844789505,394.9996355175972,187.99994587898254,0.898073,pothole,749.jpg
268.99992763996124,253.0000787973404,444.99960601329803,374.0003961324692,0.883933,pothole,750.jpg
110.99981039762497,153.00014048814774,358.9997759461403,328.0003049969673,0.821332,pothole,751.jpg
954.9999982118607,33.99998992681503,998.9999979734421,74.9999687075615,0.338214,pothole,752.jpg
811.999998986721,66.00000075995922,914.9999991059303,101.99999995529652,0.355299,pothole,752.jpg
425.00001192092896,299.0000858902931,902.0000100135803,435.0002869963646,0.88597,pothole,752.jpg
111.00000143051147,219.999897480011,291.9999957084656,317.9996967315674,0.928371,pothole,752.jpg
102.00010557472706,199.00021934509277,343.9999379366636,301.999963760376,0.877511,pothole,753.jpg
55.00030964612961,185.99985390901566,389.00008445978165,241.9999524950981,0.246002,pothole,754.jpg
234.99977657198906,182.00010359287262,432.999773055315,239.00010287761688,0.877581,pothole,754.jpg
17.99988728016615,94.00000646710396,55.99991250783205,112.99999728798866,0.375932,pothole,755.jpg
74.00003112852573,149.00006856769323,168.00007782876492,187.99999449402094,0.770921,pothole,755.jpg
123.99997618049383,136.00000999867916,169.9998775497079,165.0000337511301,0.771417,pothole,755.jpg
119.99992746859789,81.0000216588378,160.99987607449293,103.0000263825059,0.771421,pothole,755.jpg
124.00009352713823,102.99994926899672,172.00001757591963,122.99995142966509,0.904948,pothole,755.jpg
311.00016547366977,133.0000090971589,342.00016306713223,151.00001331418753,0.820225,pothole,756.jpg
213.00013329833746,134.00009367614985,294.0002039447427,184.99999310821295,0.882675,pothole,756.jpg
239.999760389328,250.00019431114197,487.0000755786896,512.0002806186676,0.803285,pothole,757.jpg
254.00015115737915,260.0001749396324,348.99983167648315,311.0001531243324,0.516053,pothole,758.jpg
391.9996762275696,494.9996942281723,521.9999957084656,558.9997011423111,0.778878,pothole,758.jpg
447.9998552799225,602.9999989271164,654.9998509883881,708.9998370409012,0.813307,pothole,758.jpg
298.0000841617584,306.9998288154602,505.000079870224,372.9998517036438,0.919474,pothole,758.jpg
160.00020503997803,416.00015223026276,359.00028705596924,546.9998306035995,0.22671,pothole,759.jpg
38.00015866756439,347.9997378587723,128.0001586675644,421.9998997449875,0.338697,pothole,759.jpg
318.9999461174011,306.00036799907684,612.9997086524963,438.0001240968704,0.856828,pothole,759.jpg
0.0002923309803009033,204.00003481656313,462.0001392066479,283.99999629706144,0.36109,pothole,760.jpg
57.99981951713562,225.9999006986618,268.9998686313629,395.000097155571,0.542289,pothole,761.jpg
1280.9998858720064,670.9999520331621,1622.000278159976,829.9997871369123,0.873111,pothole,762.jpg
1070.9994915872812,813.0002457648516,1444.9997540563345,977.0005839318037,0.922648,pothole,762.jpg
471.00006490945816,908.000291287899,1067.0000061392784,1174.0006080269814,0.928528,pothole,762.jpg
313.9999920129776,108.99990079924464,331.0000079870224,117.99990059807897,0.204874,pothole,763.jpg
416.9999957084656,100.00009573996067,479.9999928474426,120.00010572373867,0.455388,pothole,763.jpg
453.00000607967377,127.00009346008301,480.00000536441803,153.00010442733765,0.540607,pothole,763.jpg
433.9998435974121,214.00005295872688,479.99982833862305,265.9999541938305,0.768333,pothole,763.jpg
361.99992656707764,226.00005269050598,422.9997682571411,270.0001537799835,0.823028,pothole,763.jpg
338.0001711845398,111.00000031292439,401.00016832351685,132.00000040233135,0.847923,pothole,763.jpg
102.00017273426056,117.99989808350801,139.00015532970428,132.99989830702543,0.873096,pothole,763.jpg
220.00014781951904,117.00010634958744,249.0001630783081,139.00009654462337,0.873584,pothole,763.jpg
255.0,143.0000938475132,315.0,185.00009402632713,0.874623,pothole,763.jpg
359.0001654624939,181.000055372715,437.00016260147095,220.99995464086533,0.882498,pothole,763.jpg
324.99999582767487,125.00010207295418,358.99998128414154,149.00010153651237,0.886667,pothole,763.jpg
377.00016260147095,153.00015471875668,479.0001654624939,190.00005461275578,0.905002,pothole,763.jpg
30.999841690063477,146.99999392032623,231.99983596801758,239.99999463558197,0.925424,pothole,763.jpg
271.99992299079895,190.00004678964615,344.999760389328,243.00014823675156,0.937521,pothole,763.jpg
55.99980354309082,207.0002183318138,450.0,447.0000699162483,0.338278,pothole,764.jpg
157.9998441338539,154.99998405575752,402.99987834692,270.0000040233135,0.252658,pothole,765.jpg
447.00008726119995,143.00009340047836,546.0002603530884,269.99999195337296,0.865398,pothole,765.jpg
435.00012458860874,92.99987778067589,546.0002888292074,160.9999193251133,0.866009,pothole,765.jpg
191.99980142712593,39.0001505613327,312.99995693564415,112.00005233287811,0.917761,pothole,765.jpg
258.00013065338135,202.99995529279113,346.0002088546753,257.9999718107283,0.31661,pothole,766.jpg
273.9998710155487,258.9999971240759,440.00011563301086,410.9997279793024,0.880774,pothole,766.jpg
236.0001474171877,0.0,333.00020472705364,49.99998362362385,0.441006,pothole,767.jpg
374.00012212246656,126.00001742318273,437.00022465735674,152.00001917406917,0.665068,pothole,768.jpg
86.00028178095818,36.99992897361517,227.00008365511894,60.9999418631196,0.782822,pothole,768.jpg
107.99996739625931,102.99993615597486,183.9999492764473,122.99994201213121,0.788655,pothole,768.jpg
112.99990245699883,179.9998862631619,209.99991634488106,204.9998946301639,0.80231,pothole,768.jpg
10.000005271285772,199.99999791383743,35.00001082196832,216.99999064207077,0.312844,pothole,770.jpg
175.00014916062355,26.999881267547607,315.00000938773155,228.99996042251587,0.552911,pothole,770.jpg
63.000115156173706,181.99995160102844,387.9999477863312,298.00005555152893,0.937937,pothole,771.jpg
0.0,271.99980542063713,431.00008964538574,450.00000670552254,0.461021,pothole,772.jpg
535.9997344017029,597.9996632784605,811.9997239112854,704.9996323138475,0.201083,pothole,773.jpg
706.000172868371,209.99989092350006,800.0001742690802,249.99990016222,0.347191,pothole,773.jpg
660.9999856352806,177.99970546737313,762.0001640915871,214.99972661957145,0.577071,pothole,773.jpg
343.00037652254105,364.99998450279236,717.0000573992729,535.0001603364944,0.841253,pothole,773.jpg
216.0002487897873,206.99962969869375,447.00055181980133,303.9998695626855,0.922493,pothole,773.jpg
165.9999445080757,176.9999278485775,258.9999276995659,216.00001350045204,0.908581,pothole,774.jpg
0.0,7.000203430652618,441.99990928173065,314.00010734796524,0.274132,pothole,775.jpg
230.99984005093575,2.00025737285614,437.99984380602837,238.0000501871109,0.69775,pothole,779.jpg
15.999966859817505,172.99978584051132,363.99982273578644,307.99979120492935,0.504073,pothole,780.jpg
114.00015181303024,363.0001597106457,347.0000064969063,595.0001216232777,0.588928,pothole,781.jpg
39.00021305680275,77.00022567808628,594.999992698431,285.00020872056484,0.803488,pothole,782.jpg
322.0000001601875,74.00016611814499,368.99999948218465,90.00014954805374,0.778298,pothole,783.jpg
250.99999271333218,58.99997127056122,335.99999733269215,81.99996769428253,0.853067,pothole,783.jpg
287.00001537799835,125.99987328052521,353.0000150203705,151.99986159801483,0.864083,pothole,783.jpg
24.999999441206455,150.99994254112244,84.9999999627471,174.99993538856506,0.87624,pothole,783.jpg
266.9999934732914,190.00009417533875,343.9999930560589,229.9999668598175,0.923111,pothole,783.jpg
-0.00014641880989074707,136.00002720952034,282.9999208152294,235.00011906027794,0.724551,pothole,784.jpg
190.000079870224,258.9998424053192,347.9997646808624,371.99952721595764,0.343443,pothole,785.jpg
184.00031089782715,251.99999570846558,458.99999141693115,481.9996762275696,0.478584,pothole,785.jpg
224.00024777650833,193.99974690377712,420.0001772046089,445.99998642504215,0.880392,pothole,786.jpg
274.00006279349327,90.00000134110451,347.99986258149147,132.00000151991844,0.753538,pothole,787.jpg
137.9996806383133,106.99994307756424,729.999902844429,546.9998583197594,0.918643,pothole,788.jpg
115.00008002668619,271.99991159141064,208.99995800107718,299.99990053474903,0.600363,pothole,789.jpg
314.99980223178864,241.00004956126213,533.0,300.00014975667,0.657365,pothole,789.jpg
97.0001326277852,171.9999086111784,179.9999624416232,207.9999078065157,0.881214,pothole,789.jpg
247.99982152879238,193.99995356798172,428.9996941238642,247.00005501508713,0.934998,pothole,789.jpg
35.00010073184967,60.999998450279236,195.99989354610443,105.99999725818634,0.876139,pothole,791.jpg
-0.00011846423149108887,130.00000417232513,73.0000801384449,160.00000536441803,0.879475,pothole,791.jpg
13.000193238258362,153.0000001192093,214.00019824504852,197.9999989271164,0.923175,pothole,791.jpg
368.00007820129395,199.0000069141388,600.0002861022949,260.00000834465027,0.93746,pothole,791.jpg
14.000093936920166,228.000009059906,393.0003046989441,400.00001192092896,0.943477,pothole,791.jpg
5.999994277954102,257.00005435943604,251.99999809265137,301.00006008148193,0.365179,pothole,792.jpg
221.00000381469727,246.0001564025879,578.9999961853027,309.0001564025879,0.791791,pothole,792.jpg
214.99972373247147,13.999984927475452,314.9998804926872,124.00018145889044,0.329519,pothole,794.jpg
265.0000500679016,349.9996593296528,435.00001668930054,532.9998670518398,0.819915,pothole,794.jpg
121.00025564432144,155.99995338916779,252.99995988607407,213.9998344182968,0.663069,pothole,795.jpg
307.99999311566353,110.9998242855072,363.999991863966,135.9998381137848,0.740963,pothole,795.jpg
41.00005179643631,215.99996864795685,235.00015288591385,344.0001438856125,0.821596,pothole,795.jpg
373.9998556673527,103.99991196393967,494.00015100836754,173.00004941225052,0.856933,pothole,795.jpg
292.9996967315674,250.0001438856125,505.99989891052246,356.99996864795685,0.927128,pothole,795.jpg
1.0000519156455994,19.999702759087086,124.9999383687973,107.99994472414255,0.273673,pothole,796.jpg
197.99995684623718,235.99989406764507,512.9999520778656,425.9996981173754,0.673842,pothole,796.jpg
235.00009846687317,226.9999422132969,381.00006675720215,277.0000420510769,0.917481,pothole,797.jpg
204.00006361305714,274.99978244304657,272.9999106377363,328.9997845888138,0.353698,pothole,798.jpg
0.0004463493824005127,64.00014793872833,843.0002553761005,478.0002564191818,0.835227,pothole,799.jpg
769.9997842311859,938.0005875192583,916.0001814365387,994.0006139911711,0.230331,pothole,800.jpg
496.99979424476624,689.0005868282169,650.9993970394135,766.0005217585713,0.299677,pothole,800.jpg
677.9999792575836,1325.9996276777238,938.9999806880951,1394.9995605070144,0.300421,pothole,800.jpg
2.999398112297058,804.999229086563,271.99980318546295,885.9992474187165,0.349456,pothole,800.jpg
774.00062084198,996.0000792331994,961.0002279281616,1060.000107806176,0.36909,pothole,800.jpg
256.0002028942108,666.9993075467646,634.999805688858,744.9993809722364,0.427468,pothole,800.jpg
151.99978351593018,1380.9996274169534,629.9993991851807,1470.9996275249869,0.654657,pothole,800.jpg
9.000599384307861,1123.0003390535712,286.00019216537476,1236.000371672213,0.782684,pothole,800.jpg
27.999884068965912,42.00011348724365,260.9999088048935,159.00001430511475,0.454763,pothole,801.jpg
40.99995195865631,32.00017511844635,274.99994337558746,118.00012439489365,0.249246,pothole,803.jpg
276.00005865097046,55.00013083219528,450.0002145767212,238.00027817487717,0.32665,pothole,803.jpg
7.999876141548157,11.000027507543564,281.000018119812,69.99997571110725,0.629166,pothole,803.jpg
6.999747455120087,233.9999981224537,428.9998456835747,449.99999329447746,0.915139,pothole,803.jpg
70.00019699335098,103.99995446205139,367.00020879507065,220.00005841255188,0.84866,pothole,804.jpg
11.000001430511475,208.9999482035637,113.99999856948853,299.9998524785042,0.442282,pothole,805.jpg
179.0000081062317,187.0000496506691,330.0000071525574,265.99994748830795,0.494685,pothole,805.jpg
3.9999961853027344,142.99995750188828,112.00000047683716,181.000055372715,0.519235,pothole,805.jpg
157.00000524520874,151.00005492568016,281.00000619888306,192.0001544058323,0.878452,pothole,805.jpg
620.9999817609787,316.00008845329285,719.9999839067459,518.0004036426544,0.276419,pothole,807.jpg
406.00008845329285,650.9997653961182,559.0000927448273,719.9997425079346,0.279648,pothole,807.jpg
0.0,0.00014215707778930664,306.00000858306885,86.9999036192894,0.366238,pothole,807.jpg
0.00014215707778930664,256.9996762275696,86.9999036192894,436.9996762275696,0.544414,pothole,807.jpg
138.99995684623718,230.00002920627594,403.0001986026764,379.99978959560394,0.867419,pothole,807.jpg
0.9999006986618042,96.99974209070206,170.9999978542328,283.9999482035637,0.721701,pothole,809.jpg
288.99989426136017,195.99990248680115,580.9994906187057,353.0001103878021,0.943362,pothole,810.jpg
134.00001525878906,175.99978744983673,697.0000267028809,373.99979531764984,0.926998,pothole,811.jpg
158.00000168383121,185.9999690875411,397.00000546872616,235.00015083700418,0.484924,pothole,812.jpg
150.99999494850636,136.99979033321142,377.0000021904707,180.99989638477564,0.835855,pothole,812.jpg
0.0002212822437286377,4.000052064657211,141.00007340312004,146.00024744868279,0.203792,pothole,813.jpg
-0.00022798776626586914,4.693865776062012e-05,92.99992471933365,58.99999514222145,0.312888,pothole,813.jpg
193.99995356798172,176.99984461069107,427.00004428625107,373.00004214048386,0.782991,pothole,813.jpg
112.99985432624817,67.0000433921814,574.00013422966,241.99994802474976,0.913818,pothole,814.jpg
242.9996395111084,77.00032263994217,398.9998769760132,147.00030773878098,0.892333,pothole,815.jpg
240.00011444091797,320.99974751472473,491.00003242492676,516.9995963573456,0.921785,pothole,815.jpg
47.00000470876694,32.99996131658554,365.0002153515816,213.00003570318222,0.60778,pothole,816.jpg
120.00006522238255,64.00000375509262,278.0001681894064,198.99998599290848,0.9416,pothole,817.jpg
0.0,142.9999158680439,25.99998028948903,214.9999893605709,0.225957,pothole,818.jpg
161.00008226931095,0.0,341.000302657485,144.00014698505402,0.367047,pothole,818.jpg
295.9999018907547,282.99995362758636,466.9998997449875,407.99987375736237,0.743235,pothole,819.jpg
0.0,22.999679446220398,220.000319480896,148.9996773004532,0.804794,pothole,819.jpg
253.00042748451233,361.00008845329285,475.00019431114197,482.9997646808624,0.857163,pothole,820.jpg
213.9998424053192,243.00033688545227,467.99999356269836,510.0001037120819,0.887566,pothole,821.jpg
-0.00020933151245117188,29.99984622001648,410.9999215602875,298.999947309494,0.489904,pothole,822.jpg
54.00032043457031,84.00023639202118,537.0000076293945,235.00007450580597,0.864025,pothole,823.jpg
933.9996993541718,275.000039935112,959.9996674060822,350.000279545784,0.262756,pothole,824.jpg
622.9997062683105,166.9996815919876,952.9997062683105,285.9998434782028,0.889896,pothole,824.jpg
222.99983024597168,338.9997410774231,764.9995136260986,689.999749660492,0.949063,pothole,824.jpg
745.9992289543152,704.9999801963568,994.9992299079895,812.0000231415033,0.769691,pothole,825.jpg
512.9999995231628,759.0002225264907,798.9999890327454,942.0000598803163,0.861182,pothole,825.jpg
0.0,37.99994811415672,27.99999061971903,88.00004795193672,0.228673,pothole,827.jpg
16.00019820034504,85.00004634261131,79.00019846856594,127.99994722008705,0.564827,pothole,827.jpg
3.9998307824134827,79.99995052814484,366.9999673962593,259.0000480413437,0.928025,pothole,827.jpg
205.0002157688141,280.0000959634781,528.0001294612885,448.9999383687973,0.501227,pothole,828.jpg
246.99995040893555,271.9998013973236,497.99986839294434,500.00003457069397,0.886882,pothole,829.jpg
113.00003349781036,150.99983006715775,255.9999579191208,238.99966925382614,0.892095,pothole,829.jpg
136.00043177604675,264.00024712085724,457.00019001960754,383.00040900707245,0.826242,pothole,831.jpg
97.99987703561783,172.00004386901855,352.999926507473,226.00013160705566,0.315051,pothole,832.jpg
234.0000021457672,492.0001369714737,382.00032591819763,590.0000613927841,0.929639,pothole,833.jpg
393.99997651576996,932.9995651245117,711.9994693994522,1023.9995803833008,0.466777,pothole,834.jpg
1075.9994477033615,824.9999084472656,1819.9990779161453,1023.9999694824219,0.583533,pothole,834.jpg
327.9995194077492,592.0004959106445,612.9987701773643,708.0002365112305,0.89193,pothole,834.jpg
845.9996783733368,664.0004959106445,1467.9992616176605,846.000114440918,0.935688,pothole,834.jpg
54.99993872642517,108.99996735155582,364.9998142719269,204.99989913403988,0.686866,pothole,835.jpg
92.00002402067184,99.99990016222,347.0001831650734,233.00010412931442,0.285581,pothole,836.jpg
620.9996598958969,3.6209821701049805e-05,684.9996668100357,33.000012785196304,0.270809,pothole,837.jpg
276.0004663467407,248.0000388622284,470.0001382827759,388.9997971057892,0.905745,pothole,837.jpg
69.0000057220459,86.99985444545746,350.0,190.9999519586563,0.907244,pothole,838.jpg
142.00026719272137,213.00020864605904,386.000201895833,346.0000304877758,0.898814,pothole,839.jpg
1.0001423209905624,652.9998107552528,190.9999479353428,735.999763906002,0.605126,pothole,840.jpg
417.9998530447483,896.9995021820068,870.999663323164,1042.9995021820068,0.626453,pothole,840.jpg
6.999754160642624,167.99984648823738,148.9999495446682,383.99984166026115,0.248863,pothole,841.jpg
64.99980166554451,0.0,244.99980434775352,35.00001132488251,0.416862,pothole,841.jpg
144.00009481608868,248.99990844726562,295.000192835927,347.9999084472656,0.921405,pothole,842.jpg
126.0001220703125,9.000078588724136,341.00018310546875,105.99991711974144,0.296843,pothole,843.jpg
440.99993896484375,114.99999570846558,512.0,212.99992871284485,0.489893,pothole,843.jpg
64.99992370605469,281.99997186660767,356.9996795654297,469.0000410079956,0.780085,pothole,843.jpg
203.99991969764233,15.000146627426147,350.9997660666704,208.00005197525024,0.692806,pothole,844.jpg
11.999981835484505,155.00010699033737,151.9998483210802,299.00010377168655,0.925166,pothole,844.jpg
57.00001537799835,114.00011658668518,157.0000594854355,146.00003600120544,0.392547,pothole,845.jpg
63.999879360198975,89.00003850460052,154.99987602233887,120.000119805336,0.732851,pothole,845.jpg
14.999844878911972,168.99975389242172,221.9998486340046,310.9999492764473,0.84174,pothole,846.jpg
0.0,107.99988269805908,313.9999346733093,186.9999647140503,0.771197,pothole,847.jpg
257.99985118210316,126.99990011751652,366.99974946677685,156.99990056455135,0.851911,pothole,848.jpg
32.99984782934189,157.99995213747025,303.99975925683975,283.0000564455986,0.929164,pothole,848.jpg
159.00006964802742,124.99995678663254,272.0000199973583,196.00005894899368,0.931928,pothole,849.jpg
111.00003045797348,276.99982738494873,393.9998912215233,359.99969959259033,0.697812,pothole,850.jpg
122.00013935565948,419.9999170303345,266.9999476671219,575.999716758728,0.828963,pothole,850.jpg
172.9999989271164,253.00004482269287,230.99999725818634,300.00014305114746,0.555133,pothole,851.jpg
277.0000070333481,91.99995025992393,361.0000044107437,134.99985113739967,0.814499,pothole,851.jpg
-0.00010092556476593018,126.99990123510361,74.00013020634651,153.9999023079872,0.496275,pothole,852.jpg
288.9999898225069,153.99990677833557,490.0002236813307,192.9999053478241,0.88963,pothole,852.jpg
169.99968895316124,182.9998478293419,355.99982193112373,256.9999471306801,0.934706,pothole,852.jpg
-0.0001418590545654297,27.00000286102295,271.99997544288635,117.00000286102295,0.884324,pothole,853.jpg
338.000142917037,464.0002427101135,487.0003192573786,535.0003066062927,0.813922,pothole,854.jpg
261.0003733634949,301.0003334283829,476.0002827644348,477.00001180171967,0.934682,pothole,855.jpg
406.99968338012695,515.0001758337021,1450.9996604919434,758.0001693964005,0.937287,pothole,856.jpg
0.0,188.00001668930054,157.0000319480896,228.00010871887207,0.652912,pothole,857.jpg
214.999785348773,169.0000959634781,293.999895170331,201.00012338161469,0.926638,pothole,857.jpg
0.0,329.00017350912094,441.99990928173065,450.00022798776627,0.25336,pothole,858.jpg
0.0,123.99997115135193,431.99999034404755,381.9998323917389,0.779511,pothole,858.jpg
102.0002692937851,163.99980783462524,840.9998180866241,598.99982213974,0.876593,pothole,859.jpg
2.9999722838401794,63.0,293.9999912381172,141.0000479221344,0.645372,pothole,860.jpg
25.00015303492546,93.00015270709991,233.00004956126213,202.00004875659943,0.878538,pothole,861.jpg
936.0000610351562,1173.0003494024277,1872.9984283447266,1560.000119805336,0.943352,pothole,862.jpg
283.000068962574,-7.37607479095459e-06,340.0000950694084,11.00000873208046,0.313262,pothole,863.jpg
188.99964809417725,208.00007343292236,387.99973011016846,523.0000734329224,0.376293,pothole,863.jpg
245.99988341331482,215.00027418136597,381.9999611377716,329.0000367164612,0.623365,pothole,863.jpg
95.99975824356079,240.0001358985901,482.9997754096985,531.0003733634949,0.680943,pothole,864.jpg
177.00031280517578,118.00021934509277,877.0003128051758,432.0002918243408,0.922051,pothole,865.jpg
281.00000619888306,207.0000071078539,459.0000033378601,315.9999053925276,0.9164,pothole,866.jpg
2.000159740447998,69.99999287724495,85.0000319480896,111.00009128451347,0.292677,pothole,867.jpg
146.00013627111912,187.99995850771666,220.00025390088558,252.0001297071576,0.227974,pothole,868.jpg
209.99975895881653,157.00022667646408,391.99977922439575,370.00010043382645,0.673333,pothole,868.jpg
340.0003344267607,78.00018310546875,457.0001449137926,257.0002555847168,0.470026,pothole,870.jpg
285.9998595714569,308.00014793872833,445.9996998310089,427.00030982494354,0.907329,pothole,872.jpg
499.99968588352203,3.6209821701049805e-05,666.0000032186508,33.000012785196304,0.496423,pothole,873.jpg
226.0000991821289,194.00003671646118,500.00041007995605,440.00027418136597,0.889145,pothole,873.jpg
191.00009739398956,116.99999822676182,332.00016820430756,225.00006221234798,0.898701,pothole,874.jpg
112.00021028518677,179.00009335577488,385.00019788742065,326.9999746531248,0.907204,pothole,875.jpg
249.00049209594727,258.9998531341553,488.0001640319824,488.0001640319824,0.935786,pothole,876.jpg
199.99980926513672,34.99994874000549,427.99980640411377,293.999844789505,0.803097,pothole,877.jpg
8.999945193529129,22.999859154224396,315.9998091161251,204.99991804361343,0.844768,pothole,878.jpg
49.99978119134903,161.00014959275723,254.99987226724625,288.9999480396509,0.917732,pothole,879.jpg
351.9999809861183,122.99993701279163,588.0001453757286,270.0000497549772,0.940709,pothole,879.jpg
-0.00012592971324920654,182.9998877644539,96.00010557472706,363.999803006649,0.296964,pothole,880.jpg
410.99966886639595,185.9999357163906,511.9997577369213,266.00002923607826,0.427984,pothole,880.jpg
165.000148370862,262.0001009106636,286.0003103464842,372.00022810697556,0.778894,pothole,880.jpg
244.0000820159912,2.0000159740448,336.0002374649048,56.00001811981201,0.473048,pothole,881.jpg
186.00047707557678,248.0000388622284,434.0001618862152,422.0002806186676,0.545195,pothole,881.jpg
210.99995201826096,28.0,412.9997168183327,153.0000705718994,0.860132,pothole,882.jpg
146.00078010559082,294.99962770193815,487.0002940893173,447.00012869387865,0.877175,pothole,883.jpg
683.0003335475922,531.9996865838766,1277.999838590622,792.0000974088907,0.907934,pothole,883.jpg
320.9996709227562,440.99992211163044,691.9993427395821,593.9999453276396,0.908931,pothole,883.jpg
0.0,34.99995768070221,380.9999942779541,256.00005090236664,0.886803,pothole,884.jpg
233.99999141693115,229.99966979026794,508.0003023147583,427.99967408180237,0.674563,pothole,885.jpg
0.0,303.00002677738667,366.9998053908348,540.9999919384718,0.690461,pothole,887.jpg
187.99976897239685,148.00018072128296,851.9993611574173,615.000593662262,0.756881,pothole,888.jpg
2.440810203552246e-05,99.00010558217764,39.00000813603401,130.00010136514902,0.756321,pothole,889.jpg
153.99988970160484,107.9998249784112,194.99987331032753,139.99987926334143,0.758893,pothole,889.jpg
303.0000534206629,110.99989169836044,351.0000052303076,130.9999013543129,0.841459,pothole,889.jpg
4.999971807003021,122.99997375905514,54.000038623809814,151.99997653067112,0.850734,pothole,889.jpg
177.00016379356384,137.99985700845718,450.0000150203705,280.9998521208763,0.903269,pothole,889.jpg
23.99997764825821,206.99993757903576,127.99987381696701,278.00004859268665,0.915142,pothole,889.jpg
62.00017413496971,143.9999343007803,144.9999739229679,201.00004042685032,0.918585,pothole,889.jpg
0.9999990463256836,53.00010144710541,355.9999942779541,245.00009715557098,0.536857,pothole,890.jpg
0.0,364.999963760376,218.00020256638527,572.9998912811279,0.382839,pothole,891.jpg
129.00015775859356,0.0,301.0000426322222,159.00011718273163,0.619551,pothole,892.jpg
269.00013917684555,134.00007247924805,426.00001722574234,350.00007247924805,0.792808,pothole,895.jpg
267.9999679327011,184.00027602910995,426.9998162984848,307.0001319050789,0.754242,pothole,896.jpg
166.9998773932457,99.99988293647766,491.999714076519,339.99985551834106,0.719544,pothole,897.jpg
0.0,20.99999964237213,54.00001764297485,39.00000035762787,0.215239,pothole,898.jpg
-0.00016415119171142578,0.9999324381351471,86.99999642372131,193.99994120001793,0.254996,pothole,899.jpg
5.99998676776886,46.999937295913696,323.9998358488083,210.99989938735962,0.669933,pothole,899.jpg
73.00004972144961,70.00009378790855,111.00012658908963,103.00007143616676,0.711289,pothole,900.jpg
35.00013026595116,119.0000971853733,241.0001341998577,211.0001069009304,0.74485,pothole,900.jpg
74.00010025501251,-0.00011587142944335938,340.000087082386,77.00013971328735,0.299132,pothole,901.jpg
480.00024497509,4.0000319480896,534.0002471208572,49.0000319480896,0.362033,pothole,902.jpg
253.00043284893036,288.0000042915344,421.0001975297928,425.000159740448,0.897708,pothole,902.jpg
94.0000057220459,90.00000357627869,311.00001335144043,201.00000500679016,0.776422,pothole,903.jpg
135.0002333521843,155.999918282032,347.0001831650734,411.00007742643356,0.613826,pothole,905.jpg
207.9998977482319,30.000145733356476,397.99979254603386,282.0001468062401,0.860437,pothole,906.jpg
112.99995213747025,135.9999361038208,247.00016123056412,332.0000638961792,0.509522,pothole,907.jpg
18.999845638871193,115.000094845891,192.9998348802328,144.00010518729687,0.8847,pothole,908.jpg
-0.0002660676836967468,149.00009147822857,108.99983281642199,185.00009067356586,0.8866,pothole,908.jpg
45.0001305937767,191.99985712766647,381.0001229643822,298.9999607205391,0.894337,pothole,908.jpg
252.9999123737216,125.99999718368053,375.99978590756655,161.99999637901783,0.924504,pothole,908.jpg
70.00029957294464,171.9999829530716,653.0000658035278,298.9998400211334,0.910895,pothole,909.jpg
262.00007021427155,565.0001782178879,385.99991261959076,683.0002623796463,0.297567,pothole,910.jpg
273.00023317337036,200.00016510486603,446.0003972053528,326.0001629590988,0.918721,pothole,910.jpg
323.0001884512603,95.00010050833225,348.00020875409245,107.00010024011135,0.246001,pothole,911.jpg
196.99988700449467,117.99990087747574,292.99973510205746,144.99990195035934,0.442922,pothole,911.jpg
198.0002336204052,157.0000994950533,284.0001828968525,186.00010983645916,0.490258,pothole,911.jpg
9.052455425262451e-05,164.9998426437378,59.99993942677975,208.99994373321533,0.838392,pothole,911.jpg
131.00017793476582,161.99989914894104,227.0000260323286,187.99991011619568,0.842637,pothole,911.jpg
320.0001820921898,107.00010247528553,387.0002344250679,128.0001025646925,0.888534,pothole,911.jpg
0.0,219.99990418553352,143.99999678134918,282.99990221858025,0.922433,pothole,911.jpg
378.00000831484795,146.00009098649025,450.00000670552254,188.00009116530418,0.930014,pothole,911.jpg
81.00015074014664,27.000001072883606,199.00004714727402,94.00000274181366,0.80387,pothole,912.jpg
23.99999499320984,167.99999475479126,243.00000071525574,374.99998807907104,0.853692,pothole,912.jpg
384.9999949336052,201.9998922944069,399.99999552965164,249.99989122152328,0.224001,pothole,913.jpg
256.0000002384186,69.99990195035934,397.99999594688416,117.99990087747574,0.89764,pothole,913.jpg
93.00000667572021,142.99995750188828,318.0000066757202,289.0000596642494,0.949823,pothole,913.jpg
45.00009387731552,86.0000228881836,200.00006586313248,155.9999771118164,0.871648,pothole,914.jpg
329.00022178143263,201.00010442733765,439.00028390437365,265.00004053115845,0.31879,pothole,915.jpg
181.99998960644007,207.99994468688965,264.0000539049506,294.00020027160645,0.504921,pothole,915.jpg
242.99998953938484,191.00003018975258,449.99999329447746,330.0000809133053,0.466853,pothole,916.jpg
62.99975687265396,152.00007877871394,180.9997791647911,189.0000518746674,0.207621,pothole,917.jpg
-9.09268856048584e-05,90.99984404072165,81.00011798739433,112.99985906854272,0.308655,pothole,917.jpg
184.00015422701836,88.99987417832017,230.00019362568855,119.99986308440566,0.444676,pothole,917.jpg
53.000163555145264,189.00005668774247,161.00014126300812,225.00002199038863,0.566438,pothole,917.jpg
202.0001516342163,119.9999942407012,439.0000147819519,189.9999092593789,0.866811,pothole,917.jpg
105.99987921118736,122.00012173131108,177.9998621046543,152.00013653561473,0.868454,pothole,917.jpg
163.99998664855957,170.00010162591934,309.99999046325684,218.00010055303574,0.865059,pothole,918.jpg
110.99992096424103,69.99975442886353,449.99975860118866,211.9999498128891,0.276186,pothole,919.jpg
385.999917447567,100.00002728775144,450.999998152256,130.00002099201083,0.761816,pothole,920.jpg
131.99997080862522,98.00014086067677,282.00014965236187,140.00006948411465,0.830907,pothole,920.jpg
647.0002886652946,473.9997732639313,720.000367462635,714.9996221065521,0.399962,pothole,921.jpg
3.4868717193603516e-05,172.00008630752563,51.000013053417206,264.0002417564392,0.48448,pothole,921.jpg
258.0001187324524,241.9999372959137,457.0002007484436,489.9996221065521,0.807447,pothole,921.jpg
0.0,51.999820321798325,414.9999403953552,202.99993738532066,0.630584,pothole,922.jpg
69.99975442886353,107.00010359287262,211.9999498128891,252.9999017715454,0.64086,pothole,923.jpg
38.999925926327705,220.99995240569115,134.9997740238905,262.0000518858433,0.913251,pothole,924.jpg
104.99985292553902,188.00009340047836,283.9999549090862,321.0002973675728,0.367351,pothole,925.jpg
2.0000457763671875,59.99989414215088,522.9999542236328,389.9997892379761,0.726469,pothole,926.jpg
130.99996089935303,1.0000627040863037,294.99987602233887,76.9999372959137,0.893831,pothole,926.jpg
206.99999570846558,258.99984776973724,476.9999957084656,398.00016939640045,0.945632,pothole,929.jpg
458.0000658631325,29.00010198354721,534.0000159144402,104.00010198354721,0.705665,pothole,930.jpg
-2.685561776161194e-05,40.00004902482033,24.999985087662935,85.99994704127312,0.764977,pothole,930.jpg
12.000052839517593,54.00000214576721,154.9999073445797,111.00000143051147,0.831869,pothole,930.jpg
331.9998014867306,86.99985444545746,454.9997562468052,133.99995267391205,0.867254,pothole,930.jpg
106.99999040365219,82.00004696846008,287.0001702904701,148.99994730949402,0.90057,pothole,930.jpg
0.0,188.9998510479927,154.00026565790176,280.99995106458664,0.925087,pothole,930.jpg
370.00004705786705,170.0001060962677,533.9999920427799,278.0001103878021,0.926246,pothole,930.jpg
487.9996061325073,545.9996458087116,602.9995679855347,609.9997084345669,0.228144,pothole,931.jpg
276.00000500679016,593.9994193464518,456.00001215934753,664.9994209259748,0.421107,pothole,931.jpg
431.0003936290741,456.0003420095891,611.0004007816315,543.0003163833171,0.910018,pothole,931.jpg
600.9995698928833,615.0006669200957,756.9995641708374,714.0007435642183,0.9451,pothole,931.jpg
371.9993770122528,875.0003681927919,880.9997856616974,1462.9997570961714,0.949908,pothole,931.jpg
151.99968218803406,265.0001841187477,404.99984860420227,449.00010055303574,0.883584,pothole,932.jpg
2.000024728477001,19.000080227851868,95.0001143887639,61.00007951259613,0.478082,pothole,933.jpg
205.99988746643066,62.00003921985626,256.9998052120209,102.00011909008026,0.484398,pothole,933.jpg
323.99991522729397,35.99988341331482,372.9998054653406,96.9999611377716,0.643876,pothole,933.jpg
-7.503479719161987e-05,174.0000021457672,41.00008590519428,240.0000035762787,0.6548,pothole,933.jpg
21.000085957348347,63.99996221065521,78.00008066743612,113.99988234043121,0.667691,pothole,933.jpg
158.9998302012682,16.999919414520264,243.99981538951397,52.99992084503174,0.691409,pothole,933.jpg
327.99997996911407,147.9999554157257,372.99981797114015,239.99987483024597,0.809182,pothole,933.jpg
-8.717179298400879e-05,127.99979522824287,70.000109821558,251.99999436736107,0.579418,pothole,934.jpg
155.99991157650948,153.99989560246468,350.999765843153,278.00009474158287,0.925042,pothole,934.jpg
148.00020572543144,157.99996143579483,271.99995735287666,288.9998002052307,0.852223,pothole,935.jpg
153.99992394447327,145.00004706159234,237.99995136260986,169.00003066286445,0.820719,pothole,936.jpg
108.99971723556519,195.0000822544098,300.9999632835388,257.0000731945038,0.61303,pothole,937.jpg
381.0002589225769,376.00019216537476,653.0004143714905,573.0001187324524,0.923047,pothole,937.jpg
239.00043368339539,410.00022053718567,845.000513792038,649.0000998973846,0.945688,pothole,938.jpg
227.9997020959854,152.0001009106636,387.99990713596344,270.9998980164528,0.87274,pothole,939.jpg
80.00002026557922,43.99984359741211,151.999990940094,316.9998359680176,0.329443,pothole,940.jpg
58.99991512298584,75.00007671117783,386.9997453689575,193.99998766183853,0.919061,pothole,941.jpg
76.99997797608376,28.999970376491547,226.00012794137,229.00000029802322,0.814226,pothole,942.jpg
372.0002329647541,166.9999524950981,574.0000085532665,257.9998567700386,0.911629,pothole,943.jpg
234.00004749000072,137.00010292232037,289.0000402480364,173.00010211765766,0.926521,pothole,943.jpg
234.99988541007042,285.99997758865356,414.99988809227943,416.99992418289185,0.214618,pothole,944.jpg
773.9997567236423,130.00014379620552,839.9997340142727,213.00030514597893,0.224673,pothole,945.jpg
155.9999942779541,129.00014966726303,261.9999885559082,187.0000496506691,0.937702,pothole,946.jpg
167.0001670718193,177.99973860383034,433.0001190304756,302.99983844161034,0.924077,pothole,947.jpg
53.00007715821266,72.9999495446682,161.99997302889824,141.99990591406822,0.936265,pothole,948.jpg
414.0002211779356,122.99937615171075,691.0002439767122,236.99942445382476,0.602711,pothole,949.jpg
262.00015818327665,158.00048550590873,429.99993980675936,254.00046268478036,0.808634,pothole,949.jpg
681.0001934319735,184.99975861050189,838.0004801005125,255.99978952668607,0.816493,pothole,949.jpg
188.00033071637154,827.000068500638,859.0004352033138,1275.0006269663572,0.932144,pothole,949.jpg
317.0001993775368,285.0000970065594,703.0004505515099,446.0007257759571,0.940873,pothole,949.jpg
0.9998658299446106,23.00039827823639,77.0001831650734,172.0000809431076,0.306901,pothole,950.jpg
424.9998164176941,630.9997022151947,536.0000538825989,719.9996244907379,0.562106,pothole,950.jpg
220.000319480896,299.00016725063324,490.000319480896,445.000324845314,0.8692,pothole,950.jpg
267.0001155138016,280.00008523464203,414.00035083293915,424.00008738040924,0.777053,pothole,951.jpg
48.00015538930893,398.9999379962683,336.0001489520073,449.9997887760401,0.228998,pothole,952.jpg
-0.00022798776626586914,0.00021457672119140625,434.9999204277992,285.00007688999176,0.289239,pothole,952.jpg
107.99999088048935,66.00015386939049,422.9999855160713,130.00005260109901,0.851519,pothole,953.jpg
114.99997973442078,155.00009581446648,272.99992740154266,206.00009635090828,0.920541,pothole,953.jpg
715.9994329512119,130.00031054019928,830.9994040429592,162.00032913684845,0.578917,pothole,954.jpg
63.99965196847916,281.00014474987984,310.9996184706688,353.0003201663494,0.869289,pothole,954.jpg
329.0005233883858,158.00012892484665,561.0003277659416,260.9998090863228,0.914509,pothole,954.jpg
669.0004426985979,174.000068962574,792.0000999420881,233.00005501508713,0.921057,pothole,954.jpg
917.9998625814915,410.00008738040924,1178.9993391931057,660.0000718832016,0.930185,pothole,954.jpg
739.0000768750906,251.00020399689674,821.0000447183847,305.00020322203636,0.939407,pothole,954.jpg
512.9999876022339,110.00010073184967,743.999981880188,225.9999006986618,0.913056,pothole,956.jpg
62.999993562698364,64.99999761581421,245.9999978542328,358.0000042915344,0.592361,pothole,957.jpg
115.99987372756004,273.00016209483147,317.0000173151493,373.00006225705147,0.343297,pothole,958.jpg
117.00007438659668,84.99996900558472,311.00009536743164,218.99988412857056,0.276641,pothole,959.jpg
116.00017249584198,65.00004056096077,586.000457406044,247.99996909499168,0.898167,pothole,961.jpg
286.9998514652252,432.9998607505113,368.99980902671814,484.99980290047824,0.212619,pothole,962.jpg
402.000076174736,574.0004172697663,609.0004330873489,664.0004380568862,0.29161,pothole,962.jpg
659.9997729063034,544.0001093633473,840.0000125169754,624.00015200302,0.376135,pothole,962.jpg
439.9999612569809,394.9997419305146,748.9998489618301,532.9996824078262,0.470502,pothole,962.jpg
433.0002620816231,532.9993609450758,594.0005466341972,598.9994171597064,0.531853,pothole,962.jpg
315.0004255771637,811.0001631528139,796.0004031658173,1159.000571295619,0.917169,pothole,962.jpg
-3.4868717193603516e-05,79.00009587407112,45.999973118305206,112.00007244944572,0.641002,pothole,964.jpg
53.99999678134918,103.99982213973999,159.99983489513397,152.9998540878296,0.902038,pothole,964.jpg
295.99992871284485,324.0000021457672,498.9996135234833,427.00032591819763,0.92091,pothole,964.jpg
266.9997560977936,205.99991261959076,424.00007128715515,304.99991476535797,0.931329,pothole,964.jpg
228.9999783039093,260.000284910202,551.9998919963837,448.0001986026764,0.868471,pothole,966.jpg
1.9999533891677856,70.00004053115845,260.9998494386673,300.00014305114746,0.494214,pothole,967.jpg
20.999933034181595,314.00008723139763,222.99997732043266,387.9998870193958,0.624384,pothole,968.jpg
38.99993723630905,148.99994283914566,384.9997121691704,274.000047147274,0.581034,pothole,969.jpg
1104.001235961914,823.999460041523,1565.0004386901855,1185.9992668032646,0.847074,pothole,970.jpg
989.0016211420298,708.9999255537987,2538.0017159432173,1800.999393761158,0.517387,pothole,971.jpg
121.00006385147572,219.00022368133068,312.9998849481344,339.0002078562975,0.809925,pothole,972.jpg
-0.000408858060836792,381.0001365840435,608.9997334778309,550.000286847353,0.56079,pothole,973.jpg
100.9998008608818,108.99989828467369,271.9997987151146,261.9998998939991,0.342921,pothole,974.jpg
31.00004643201828,62.9997655749321,230.99984675645828,291.99982434511185,0.526519,pothole,975.jpg
482.99966756254435,60.99979780614376,507.9996806010604,78.99980641901493,0.218871,pothole,976.jpg
359.00003526359797,195.00023778527975,381.00001361221075,209.00024954229593,0.339662,pothole,976.jpg
390.0000958889723,75.00024929642677,425.0000996142626,95.00022873282433,0.447749,pothole,976.jpg
350.00024646520615,209.00019820779562,379.0002563595772,223.0002099648118,0.754552,pothole,976.jpg
437.9997007548809,96.99999712407589,475.9996636211872,124.00000907480717,0.873869,pothole,976.jpg
356.99995547533035,189.9999087676406,385.9999653697014,203.99992052465677,0.881497,pothole,976.jpg
497.0003481209278,95.99980443716049,538.0003456771374,181.00004345178604,0.915088,pothole,976.jpg
359.9997315555811,133.00008311867714,433.99973295629025,175.00006899237633,0.922718,pothole,976.jpg
524.000041410327,175.00027626752853,564.0000797063112,242.00019866228104,0.923316,pothole,976.jpg
419.99995172023773,188.0000178515911,477.9999715089798,248.00021961331367,0.924397,pothole,976.jpg
333.99989292025566,277.00024016201496,414.9997718632221,309.00025956332684,0.926971,pothole,976.jpg
575.9999801963568,363.9997497200966,634.9999592453241,449.9999460577965,0.934897,pothole,976.jpg
555.0003199651837,288.00019204616547,597.0003552362323,354.0001493692398,0.937466,pothole,976.jpg
268.999882042408,243.00015829503536,400.9997293353081,280.00005818903446,0.847813,pothole,977.jpg
37.99979388713837,178.9999522268772,198.9998996257782,229.0000520646572,0.949534,pothole,977.jpg
0.0,30.00011831521988,280.99990689754486,143.00003451108932,0.651474,pothole,980.jpg
633.9997883029282,166.0001972913742,732.9996908716857,236.00005608797073,0.870726,pothole,981.jpg
252.99975304305553,204.99967599660158,496.9995188266039,338.9999513551593,0.904749,pothole,981.jpg
365.00038862228394,234.99983310699463,505.00006914138794,300.9998559951782,0.208999,pothole,982.jpg
172.00008630752563,292.9996848106384,446.99976682662964,420.99984884262085,0.835384,pothole,982.jpg
448.9999330043793,688.0001883208752,646.9999372959137,720.0001569092274,0.242116,pothole,983.jpg
253.99980783462524,343.00006806850433,495.9997344017029,444.0002256631851,0.883528,pothole,983.jpg
40.99997878074646,20.000053212046623,105.0,98.9999967366457,0.588749,pothole,984.jpg
135.9999918937683,116.0000037252903,235.000079870224,167.0000716149807,0.85844,pothole,985.jpg
1.0000351667404175,64.00008201599121,148.00003445148468,167.0,0.916787,pothole,986.jpg
0.0,121.00004330277443,61.000001430511475,190.99994525313377,0.226133,pothole,987.jpg
180.9999942779541,147.0000095665455,280.9999942779541,210.0000075995922,0.791292,pothole,987.jpg
-3.4868717193603516e-05,407.00015008449554,63.9999720454216,510.99983274936676,0.368138,pothole,988.jpg
630.9997022151947,466.00019216537476,719.9996244907379,663.0001187324524,0.40162,pothole,988.jpg
218.00015330314636,230.99976360797882,465.00046849250793,354.99960601329803,0.596635,pothole,988.jpg
-4.693865776062012e-05,-0.00021457672119140625,89.00005370378494,245.99992632865906,0.548288,pothole,990.jpg
170.99976316094398,0.0,389.9999164044857,90.99990203976631,0.778458,pothole,990.jpg
95.99985033273697,241.0000056028366,190.99994748830795,299.00000393390656,0.762371,pothole,991.jpg
235.0000463426113,90.99999740719795,298.99994507431984,114.99999687075615,0.780802,pothole,991.jpg
227.9999926686287,174.00000393390656,272.99999445676804,218.00000369548798,0.852682,pothole,991.jpg
120.00000178813934,35.999994054436684,249.00000393390656,120.00008396804333,0.92925,pothole,992.jpg
120.99976721405983,263.0003370940685,335.99996146559715,451.00008395314217,0.788421,pothole,993.jpg
-0.0003445148468017578,108.00006372481585,143.9998596906662,181.00024908035994,0.297212,pothole,994.jpg
59.99979376792908,105.00001463294029,620.9997856616974,354.9998233616352,0.826096,pothole,994.jpg
352.00002789497375,340.9998366087675,779.0000140666962,429.99978072941303,0.927435,pothole,995.jpg
189.00000154972076,146.99999168515205,280.00000417232513,206.99999257922173,0.839532,pothole,996.jpg
318.9996063709259,548.0001971423626,645.9996163845062,727.0001862347126,0.824462,pothole,997.jpg
504.9996167421341,410.0000299960375,678.9996117353439,543.9997914284468,0.873448,pothole,997.jpg
104.9999588727951,159.9997292086482,285.0000411272049,264.99997545033693,0.940771,pothole,998.jpg
0.0003452003002166748,251.99997308850288,314.00004056096077,401.99982020258904,0.897381,pothole,999.jpg
445.99990716576576,185.0000478029251,615.9997366368771,272.9999599456787,0.908925,pothole,999.jpg